Flight Number,Date,From,To,Aircraft Model,Tail Number,STA,day_of_week,scheduled_hour,is_delayed,delay_minutes
 ,2025-07-25,Mumbai (BOM),Chandigarh (IXC),A20N,VT-EXU,08:10:00,Friday,8,0,4.0
 ,2025-07-24,Mumbai (BOM),Chandigarh (IXC),A20N,VT-RTJ,08:10:00,Thursday,8,0,-9.0
 ,2025-07-23,Mumbai (BOM),Chandigarh (IXC),A20N,VT-TQB,08:10:00,Wednesday,8,0,13.0
 ,2025-07-22,Mumbai (BOM),Chandigarh (IXC),A20N,VT-RTU,08:10:00,Tuesday,8,1,70.0
 ,2025-07-21,Mumbai (BOM),Chandigarh (IXC),A20N,VT-EXK,08:10:00,Monday,8,0,-9.0
 ,2025-07-20,Mumbai (BOM),Chandigarh (IXC),A20N,VT-EXM,07:40:00,Sunday,7,0,-1.0
 ,2025-07-19,Mumbai (BOM),Chandigarh (IXC),A20N,VT-EXL,08:10:00,Saturday,8,0,-1.0
 ,2025-07-25,Mumbai (BOM),Hyderabad (HYD),A20N,VT-TQW,07:25:00,Friday,7,0,1.0
 ,2025-07-24,Mumbai (BOM),Hyderabad (HYD),A20N,VT-TQH,07:25:00,Thursday,7,0,2.0
 ,2025-07-23,Mumbai (BOM),Hyderabad (HYD),A20N,VT-EXV,07:25:00,Wednesday,7,0,6.0
 ,2025-07-22,Mumbai (BOM),Hyderabad (HYD),A20N,VT-TQF,07:25:00,Tuesday,7,1,20.0
 ,2025-07-21,Mumbai (BOM),Hyderabad (HYD),A20N,VT-TNU,07:25:00,Monday,7,0,4.0
 ,2025-07-20,Mumbai (BOM),Hyderabad (HYD),A20N,VT-EXV,07:25:00,Sunday,7,0,-2.0
 ,2025-07-19,Mumbai (BOM),Hyderabad (HYD),A20N,VT-TQB,07:25:00,Saturday,7,0,8.0
 ,2025-07-25,Mumbai (BOM),Delhi (DEL),A21N,VT-NCB,07:55:00,Friday,7,0,-6.0
 ,2025-07-24,Mumbai (BOM),Delhi (DEL),A21N,VT-IWQ,07:55:00,Thursday,7,0,7.0
 ,2025-07-23,Mumbai (BOM),Delhi (DEL),A21N,VT-NCA,07:55:00,Wednesday,7,1,19.0
 ,2025-07-22,Mumbai (BOM),Delhi (DEL),A21N,VT-ICF,07:55:00,Tuesday,7,0,-10.0
 ,2025-07-21,Mumbai (BOM),Delhi (DEL),A21N,VT-NCR,07:55:00,Monday,7,0,-10.0
 ,2025-07-20,Mumbai (BOM),Delhi (DEL),A21N,VT-NCA,07:55:00,Sunday,7,0,-13.0
 ,2025-07-19,Mumbai (BOM),Delhi (DEL),A21N,VT-NCG,07:55:00,Saturday,7,0,-2.0
 ,2025-07-25,Mumbai (BOM),Srinagar (SXR),B38M,VT-YAP,08:45:00,Friday,8,0,-8.0
 ,2025-07-24,Mumbai (BOM),Srinagar (SXR),B38M,VT-YAH,08:45:00,Thursday,8,0,1.0
 ,2025-07-23,Mumbai (BOM),Srinagar (SXR),B38M,VT-YAG,08:45:00,Wednesday,8,0,7.0
 ,2025-07-22,Mumbai (BOM),Srinagar (SXR),B38M,VT-YBE,08:45:00,Tuesday,8,0,-8.0
 ,2025-07-21,Mumbai (BOM),Srinagar (SXR),B38M,VT-YAF,08:45:00,Monday,8,0,11.0
 ,2025-07-20,Mumbai (BOM),Srinagar (SXR),B38M,VT-YAI,08:45:00,Sunday,8,0,-12.0
 ,2025-07-19,Mumbai (BOM),Srinagar (SXR),B38M,VT-YAA,08:45:00,Saturday,8,0,-18.0
 ,2025-07-25,Mumbai (BOM),Bengaluru (BLR),A21N,VT-IWU,07:55:00,Friday,7,0,-33.0
 ,2025-07-24,Mumbai (BOM),Bengaluru (BLR),A21N,VT-IWS,07:55:00,Thursday,7,0,-17.0
 ,2025-07-23,Mumbai (BOM),Bengaluru (BLR),A21N,VT-IWT,07:55:00,Wednesday,7,0,-16.0
 ,2025-07-22,Mumbai (BOM),Bengaluru (BLR),A21N,VT-IWU,07:55:00,Tuesday,7,0,-18.0
 ,2025-07-21,Mumbai (BOM),Bengaluru (BLR),A21N,VT-NCQ,07:55:00,Monday,7,0,-33.0
 ,2025-07-20,Mumbai (BOM),Bengaluru (BLR),A21N,VT-NCH,07:55:00,Sunday,7,0,-30.0
 ,2025-07-19,Mumbai (BOM),Bengaluru (BLR),A21N,VT-NCB,07:55:00,Saturday,7,0,-34.0
 ,2025-07-25,Mumbai (BOM),Colombo (CMB),A20N,VT-IJZ,08:45:00,Friday,8,0,15.0
 ,2025-07-24,Mumbai (BOM),Colombo (CMB),A20N,VT-ITZ,08:45:00,Thursday,8,0,-9.0
 ,2025-07-23,Mumbai (BOM),Colombo (CMB),A20N,VT-IPU,08:45:00,Wednesday,8,1,52.0
 ,2025-07-22,Mumbai (BOM),Colombo (CMB),A20N,VT-IIQ,08:45:00,Tuesday,8,1,25.0
 ,2025-07-21,Mumbai (BOM),Colombo (CMB),A20N,VT-IQI,08:45:00,Monday,8,1,31.0
 ,2025-07-20,Mumbai (BOM),Colombo (CMB),A20N,VT-ITZ,08:45:00,Sunday,8,0,10.0
 ,2025-07-19,Mumbai (BOM),Colombo (CMB),A20N,VT-IJY,08:45:00,Saturday,8,0,3.0
 ,2025-07-24,Mumbai (BOM),Nagpur (NAG),A21N,VT-ILC,07:45:00,Thursday,7,0,-28.0
 ,2025-07-23,Mumbai (BOM),Nagpur (NAG),A21N,VT-ILC,07:45:00,Wednesday,7,0,-16.0
 ,2025-07-22,Mumbai (BOM),Nagpur (NAG),A21N,VT-ILC,07:45:00,Tuesday,7,0,-23.0
 ,2025-07-21,Mumbai (BOM),Nagpur (NAG),A21N,VT-ICZ,07:45:00,Monday,7,0,-5.0
 ,2025-07-20,Mumbai (BOM),Nagpur (NAG),A21N,VT-ICZ,07:45:00,Sunday,7,0,-30.0
 ,2025-07-19,Mumbai (BOM),Nagpur (NAG),A21N,VT-ICZ,07:45:00,Saturday,7,0,-21.0
 ,2025-07-25,Mumbai (BOM),Delhi (DEL),B738,VT-AAZ,08:25:00,Friday,8,0,-16.0
 ,2025-07-24,Mumbai (BOM),Delhi (DEL),B738,VT-AAZ,08:25:00,Thursday,8,0,-17.0
 ,2025-07-23,Mumbai (BOM),Delhi (DEL),B738,VT-AAZ,08:25:00,Wednesday,8,0,1.0
 ,2025-07-22,Mumbai (BOM),Delhi (DEL),B738,VT-AAZ,08:25:00,Tuesday,8,0,-36.0
 ,2025-07-21,Mumbai (BOM),Delhi (DEL),B738,VT-BAZ,08:25:00,Monday,8,0,-33.0
 ,2025-07-20,Mumbai (BOM),Delhi (DEL),B738,VT-BAZ,08:25:00,Sunday,8,0,-46.0
 ,2025-07-19,Mumbai (BOM),Delhi (DEL),B738,VT-BAZ,08:25:00,Saturday,8,0,-28.0
 ,2025-07-25,Mumbai (BOM),Udaipur (UDR),A21N,VT-IMZ,07:40:00,Friday,7,0,-6.0
 ,2025-07-24,Mumbai (BOM),Udaipur (UDR),A21N,VT-IBW,07:40:00,Thursday,7,0,-8.0
 ,2025-07-23,Mumbai (BOM),Udaipur (UDR),A21N,VT-ICG,07:40:00,Wednesday,7,0,-5.0
 ,2025-07-22,Mumbai (BOM),Udaipur (UDR),A21N,VT-ICO,07:40:00,Tuesday,7,0,-18.0
 ,2025-07-21,Mumbai (BOM),Udaipur (UDR),A21N,VT-IBO,07:40:00,Monday,7,0,-4.0
 ,2025-07-20,Mumbai (BOM),Udaipur (UDR),A21N,VT-IBY,07:40:00,Sunday,7,0,-14.0
 ,2025-07-19,Mumbai (BOM),Udaipur (UDR),A21N,VT-ILQ,07:40:00,Saturday,7,0,-13.0
 ,2025-07-25,Mumbai (BOM),Ahmedabad (AMD),A20N,VT-IIU,07:40:00,Friday,7,0,-17.0
 ,2025-07-24,Mumbai (BOM),Ahmedabad (AMD),A20N,VT-ISM,07:40:00,Thursday,7,0,-25.0
 ,2025-07-23,Mumbai (BOM),Ahmedabad (AMD),A20N,VT-IIE,07:40:00,Wednesday,7,0,-17.0
 ,2025-07-22,Mumbai (BOM),Ahmedabad (AMD),A20N,VT-IJX,07:40:00,Tuesday,7,0,-17.0
 ,2025-07-21,Mumbai (BOM),Ahmedabad (AMD),A20N,VT-IXN,07:40:00,Monday,7,0,0.0
 ,2025-07-20,Mumbai (BOM),Ahmedabad (AMD),A20N,VT-IZD,07:40:00,Sunday,7,0,-24.0
 ,2025-07-19,Mumbai (BOM),Ahmedabad (AMD),A320,VT-IFV,07:40:00,Saturday,7,0,-20.0
 ,2025-07-25,Mumbai (BOM),Raipur (RPR),A21N,VT-IBU,08:15:00,Friday,8,0,-14.0
 ,2025-07-24,Mumbai (BOM),Raipur (RPR),A21N,VT-IUO,08:15:00,Thursday,8,0,-9.0
 ,2025-07-23,Mumbai (BOM),Raipur (RPR),A21N,VT-IRY,08:15:00,Wednesday,8,0,-4.0
 ,2025-07-22,Mumbai (BOM),Raipur (RPR),A21N,VT-IRZ,08:15:00,Tuesday,8,0,-20.0
 ,2025-07-21,Mumbai (BOM),Raipur (RPR),A21N,VT-ICO,08:15:00,Monday,8,0,11.0
 ,2025-07-20,Mumbai (BOM),Raipur (RPR),A21N,VT-ICK,08:15:00,Sunday,8,0,-28.0
 ,2025-07-19,Mumbai (BOM),Raipur (RPR),A21N,VT-ICY,08:15:00,Saturday,8,0,-15.0
 ,2025-07-25,Mumbai (BOM),Muscat (MCT),A20N,A4O-OVG,07:25:00,Friday,7,0,-20.0
 ,2025-07-23,Mumbai (BOM),Muscat (MCT),A20N,A4O-OVG,07:25:00,Wednesday,7,0,-12.0
 ,2025-07-22,Mumbai (BOM),Muscat (MCT),A20N,A4O-OVI,07:25:00,Tuesday,7,0,-10.0
 ,2025-07-21,Mumbai (BOM),Muscat (MCT),A20N,A4O-OVG,07:25:00,Monday,7,0,-11.0
 ,2025-07-20,Mumbai (BOM),Muscat (MCT),A20N,A4O-OVG,08:35:00,Sunday,8,0,-5.0
 ,2025-07-19,Mumbai (BOM),Muscat (MCT),A20N,A4O-OVI,07:25:00,Saturday,7,0,0.0
 ,2025-07-25,Mumbai (BOM),Chennai (MAA),A21N,VT-ICW,08:30:00,Friday,8,0,-23.0
 ,2025-07-24,Mumbai (BOM),Chennai (MAA),A21N,VT-ILO,08:30:00,Thursday,8,0,-21.0
 ,2025-07-23,Mumbai (BOM),Chennai (MAA),A21N,VT-IML,08:30:00,Wednesday,8,0,-8.0
 ,2025-07-22,Mumbai (BOM),Chennai (MAA),A21N,VT-ILG,08:30:00,Tuesday,8,0,-27.0
 ,2025-07-21,Mumbai (BOM),Chennai (MAA),A21N,VT-IUO,08:30:00,Monday,8,0,-13.0
 ,2025-07-20,Mumbai (BOM),Chennai (MAA),A21N,VT-ICG,08:30:00,Sunday,8,0,-32.0
 ,2025-07-19,Mumbai (BOM),Chennai (MAA),A21N,VT-ICG,08:30:00,Saturday,8,0,-28.0
 ,2025-07-25,Mumbai (BOM),Bahrain (BAH),A21N,A9C-XD,07:30:00,Friday,7,0,9.0
 ,2025-07-24,Mumbai (BOM),Bahrain (BAH),A21N,A9C-ND,07:30:00,Thursday,7,0,-40.0
 ,2025-07-23,Mumbai (BOM),Bahrain (BAH),A321,A9C-CC,07:30:00,Wednesday,7,0,-18.0
 ,2025-07-22,Mumbai (BOM),Bahrain (BAH),A21N,A9C-XD,07:30:00,Tuesday,7,0,-28.0
 ,2025-07-21,Mumbai (BOM),Bahrain (BAH),A21N,A9C-XD,07:30:00,Monday,7,1,142.0
 ,2025-07-20,Mumbai (BOM),Bahrain (BAH),A21N,A9C-NA,07:30:00,Sunday,7,0,-37.0
 ,2025-07-19,Mumbai (BOM),Bahrain (BAH),A21N,A9C-NB,07:30:00,Saturday,7,0,-31.0
 ,2025-07-25,Mumbai (BOM),Bengaluru (BLR),A20N,VT-RTX,08:30:00,Friday,8,0,-34.0
 ,2025-07-24,Mumbai (BOM),Bengaluru (BLR),A20N,VT-RTL,08:30:00,Thursday,8,0,-32.0
 ,2025-07-23,Mumbai (BOM),Bengaluru (BLR),A20N,VT-RTN,08:30:00,Wednesday,8,0,-22.0
 ,2025-07-22,Mumbai (BOM),Bengaluru (BLR),A20N,VT-RTN,08:30:00,Tuesday,8,0,5.0
 ,2025-07-21,Mumbai (BOM),Bengaluru (BLR),A20N,VT-RTK,08:30:00,Monday,8,0,-24.0
 ,2025-07-20,Mumbai (BOM),Bengaluru (BLR),A20N,VT-RTN,08:30:00,Sunday,8,0,-35.0
 ,2025-07-19,Mumbai (BOM),Bengaluru (BLR),A20N,VT-EXQ,08:30:00,Saturday,8,0,-36.0
 ,2025-07-25,Mumbai (BOM),Jakarta (CGK),A20N,VT-IXH,14:50:00,Friday,14,0,-10.0
 ,2025-07-24,Mumbai (BOM),Jakarta (CGK),A20N,VT-IXM,14:50:00,Thursday,14,0,1.0
 ,2025-07-23,Mumbai (BOM),Jakarta (CGK),A20N,VT-IXG,14:50:00,Wednesday,14,0,7.0
 ,2025-07-22,Mumbai (BOM),Jakarta (CGK),A20N,VT-IXM,14:50:00,Tuesday,14,0,-14.0
 ,2025-07-21,Mumbai (BOM),Jakarta (CGK),A20N,VT-IIX,14:50:00,Monday,14,0,1.0
 ,2025-07-20,Mumbai (BOM),Jakarta (CGK),A20N,VT-IIU,14:50:00,Sunday,14,0,-21.0
 ,2025-07-19,Mumbai (BOM),Jakarta (CGK),A20N,VT-IXF,14:50:00,Saturday,14,0,11.0
 ,2025-07-25,Mumbai (BOM),Delhi (DEL),A20N,VT-TQN,08:45:00,Friday,8,0,-5.0
 ,2025-07-24,Mumbai (BOM),Delhi (DEL),A20N,VT-TQK,08:45:00,Thursday,8,0,-1.0
 ,2025-07-23,Mumbai (BOM),Delhi (DEL),A20N,VT-TNE,08:45:00,Wednesday,8,0,-4.0
 ,2025-07-22,Mumbai (BOM),Delhi (DEL),A20N,VT-TNJ,08:45:00,Tuesday,8,0,-2.0
 ,2025-07-21,Mumbai (BOM),Delhi (DEL),A20N,VT-TNJ,08:45:00,Monday,8,0,-5.0
 ,2025-07-20,Mumbai (BOM),Delhi (DEL),B788,VT-ANH,08:45:00,Sunday,8,1,41.0
 ,2025-07-19,Mumbai (BOM),Delhi (DEL),A20N,VT-TNI,08:45:00,Saturday,8,0,-9.0
 ,2025-07-25,Mumbai (BOM),Istanbul (IST),A333,TC-JOF,10:55:00,Friday,10,0,1.0
 ,2025-07-24,Mumbai (BOM),Istanbul (IST),A333,TC-LOF,10:55:00,Thursday,10,1,34.0
 ,2025-07-23,Mumbai (BOM),Istanbul (IST),A333,TC-JNS,10:55:00,Wednesday,10,0,-18.0
 ,2025-07-22,Mumbai (BOM),Istanbul (IST),A333,TC-LNE,10:55:00,Tuesday,10,1,29.0
 ,2025-07-21,Mumbai (BOM),Istanbul (IST),A333,TC-LND,10:55:00,Monday,10,0,5.0
 ,2025-07-20,Mumbai (BOM),Istanbul (IST),A333,TC-JOJ,10:55:00,Sunday,10,0,6.0
 ,2025-07-19,Mumbai (BOM),Istanbul (IST),A333,TC-JOK,10:55:00,Saturday,10,0,-13.0
 ,2025-07-25,Mumbai (BOM),Indore (IDR),A21N,VT-IME,08:00:00,Friday,8,0,-20.0
 ,2025-07-24,Mumbai (BOM),Indore (IDR),A21N,VT-ICL,08:00:00,Thursday,8,0,-8.0
 ,2025-07-23,Mumbai (BOM),Indore (IDR),A21N,VT-ICZ,08:00:00,Wednesday,8,0,-4.0
 ,2025-07-22,Mumbai (BOM),Indore (IDR),A21N,VT-IRW,08:00:00,Tuesday,8,0,-12.0
 ,2025-07-21,Mumbai (BOM),Indore (IDR),A21N,VT-IRZ,08:00:00,Monday,8,0,-12.0
 ,2025-07-20,Mumbai (BOM),Indore (IDR),A21N,VT-IMI,08:00:00,Sunday,8,0,-32.0
 ,2025-07-19,Mumbai (BOM),Indore (IDR),A21N,VT-IBO,08:00:00,Saturday,8,0,-13.0
 ,2025-07-25,Mumbai (BOM),Kolkata (CCU),A20N,VT-TQM,09:30:00,Friday,9,0,-8.0
 ,2025-07-24,Mumbai (BOM),Kolkata (CCU),A20N,VT-TQP,09:30:00,Thursday,9,0,1.0
 ,2025-07-23,Mumbai (BOM),Kolkata (CCU),A20N,VT-TNK,09:30:00,Wednesday,9,0,0.0
 ,2025-07-22,Mumbai (BOM),Kolkata (CCU),A20N,VT-TQV,09:30:00,Tuesday,9,0,2.0
 ,2025-07-21,Mumbai (BOM),Kolkata (CCU),A20N,VT-TNQ,09:30:00,Monday,9,0,-3.0
 ,2025-07-20,Mumbai (BOM),Kolkata (CCU),A20N,VT-TQS,09:30:00,Sunday,9,0,-9.0
 ,2025-07-19,Mumbai (BOM),Kolkata (CCU),A20N,VT-TQW,09:30:00,Saturday,9,0,-8.0
 ,2025-07-25,Mumbai (BOM),Jaipur (JAI),B38M,VT-BXH,08:40:00,Friday,8,0,-26.0
 ,2025-07-24,Mumbai (BOM),Jaipur (JAI),B38M,VT-BXH,08:40:00,Thursday,8,0,-1.0
 ,2025-07-23,Mumbai (BOM),Jaipur (JAI),B38M,VT-BXH,08:40:00,Wednesday,8,0,-15.0
 ,2025-07-22,Mumbai (BOM),Jaipur (JAI),B38M,VT-BXH,08:40:00,Tuesday,8,0,-17.0
 ,2025-07-21,Mumbai (BOM),Jaipur (JAI),B38M,VT-BXH,08:40:00,Monday,8,1,28.0
 ,2025-07-20,Mumbai (BOM),Jaipur (JAI),B38M,VT-BXH,08:40:00,Sunday,8,0,-24.0
 ,2025-07-19,Mumbai (BOM),Jaipur (JAI),B38M,VT-BXH,08:40:00,Saturday,8,0,-4.0
 ,2025-07-25,Mumbai (BOM),Chennai (MAA),A20N,VT-EXT,08:55:00,Friday,8,0,-5.0
 ,2025-07-24,Mumbai (BOM),Chennai (MAA),A20N,VT-RTS,08:55:00,Thursday,8,0,-8.0
 ,2025-07-23,Mumbai (BOM),Chennai (MAA),A20N,VT-RTL,08:55:00,Wednesday,8,0,4.0
 ,2025-07-22,Mumbai (BOM),Chennai (MAA),A20N,VT-EXU,08:55:00,Tuesday,8,0,-18.0
 ,2025-07-21,Mumbai (BOM),Chennai (MAA),A20N,VT-EXV,08:55:00,Monday,8,0,-3.0
 ,2025-07-20,Mumbai (BOM),Chennai (MAA),A20N,VT-RTU,08:55:00,Sunday,8,0,-16.0
 ,2025-07-19,Mumbai (BOM),Chennai (MAA),A20N,VT-RTU,08:55:00,Saturday,8,0,-3.0
 ,2025-07-25,Mumbai (BOM),Bhuj (BHJ),A20N,VT-TYC,08:05:00,Friday,8,0,-8.0
 ,2025-07-24,Mumbai (BOM),Bhuj (BHJ),A21N,VT-TVH,08:05:00,Thursday,8,0,-10.0
 ,2025-07-23,Mumbai (BOM),Bhuj (BHJ),A321,VT-PPM,08:05:00,Wednesday,8,0,-4.0
 ,2025-07-22,Mumbai (BOM),Bhuj (BHJ),A321,VT-PPO,08:05:00,Tuesday,8,0,-1.0
 ,2025-07-21,Mumbai (BOM),Bhuj (BHJ),A20N,VT-CIG,08:05:00,Monday,8,0,2.0
 ,2025-07-20,Mumbai (BOM),Bhuj (BHJ),A20N,VT-EXL,08:05:00,Sunday,8,0,-3.0
 ,2025-07-19,Mumbai (BOM),Bhuj (BHJ),A20N,VT-RTK,08:05:00,Saturday,8,0,-5.0
 ,2025-07-25,Mumbai (BOM),Darbhanga (DBR),B739,VT-SLC,09:15:00,Friday,9,1,197.0
 ,2025-07-24,Mumbai (BOM),Darbhanga (DBR),B738,VT-SLF,09:15:00,Thursday,9,0,4.0
 ,2025-07-22,Mumbai (BOM),Darbhanga (DBR),B738,VT-SLG,09:15:00,Tuesday,9,0,10.0
 ,2025-07-21,Mumbai (BOM),Darbhanga (DBR),B738,VT-SLG,09:15:00,Monday,9,0,0.0
 ,2025-07-20,Mumbai (BOM),Darbhanga (DBR),B738,VT-SLF,09:15:00,Sunday,9,0,11.0
 ,2025-07-19,Mumbai (BOM),Darbhanga (DBR),B738,VT-SLF,09:15:00,Saturday,9,1,190.0
 ,2025-07-25,Mumbai (BOM),Delhi (DEL),A21N,VT-IWQ,09:10:00,Friday,9,0,-25.0
 ,2025-07-24,Mumbai (BOM),Delhi (DEL),A21N,VT-NCO,09:10:00,Thursday,9,0,-18.0
 ,2025-07-23,Mumbai (BOM),Delhi (DEL),A21N,VT-NCR,09:10:00,Wednesday,9,0,-6.0
 ,2025-07-22,Mumbai (BOM),Delhi (DEL),A21N,VT-NCN,09:10:00,Tuesday,9,0,-22.0
 ,2025-07-21,Mumbai (BOM),Delhi (DEL),A21N,VT-NCM,09:10:00,Monday,9,0,-10.0
 ,2025-07-20,Mumbai (BOM),Delhi (DEL),A21N,VT-NCN,09:10:00,Sunday,9,0,-12.0
 ,2025-07-19,Mumbai (BOM),Delhi (DEL),A21N,VT-IWT,09:10:00,Saturday,9,0,-8.0
 ,2025-07-25,Mumbai (BOM),Hyderabad (HYD),A20N,VT-TNX,08:40:00,Friday,8,0,-30.0
 ,2025-07-24,Mumbai (BOM),Hyderabad (HYD),A20N,VT-TNP,08:40:00,Thursday,8,0,-16.0
 ,2025-07-23,Mumbai (BOM),Hyderabad (HYD),A20N,VT-ATV,08:40:00,Wednesday,8,0,-21.0
 ,2025-07-22,Mumbai (BOM),Hyderabad (HYD),A20N,VT-TQA,08:40:00,Tuesday,8,0,-20.0
 ,2025-07-21,Mumbai (BOM),Hyderabad (HYD),A20N,VT-TNP,08:40:00,Monday,8,0,-34.0
 ,2025-07-20,Mumbai (BOM),Hyderabad (HYD),A20N,VT-TNJ,08:40:00,Sunday,8,0,-29.0
 ,2025-07-19,Mumbai (BOM),Hyderabad (HYD),A20N,VT-RTT,08:40:00,Saturday,8,0,-7.0
 ,2025-07-25,Mumbai (BOM),Delhi (DEL),B38M,VT-YAO,09:20:00,Friday,9,0,-21.0
 ,2025-07-24,Mumbai (BOM),Delhi (DEL),B38M,VT-YBA,09:20:00,Thursday,9,1,60.0
 ,2025-07-23,Mumbai (BOM),Delhi (DEL),B38M,VT-YAA,09:20:00,Wednesday,9,0,-24.0
 ,2025-07-22,Mumbai (BOM),Delhi (DEL),B38M,VT-YAM,09:20:00,Tuesday,9,0,-20.0
 ,2025-07-21,Mumbai (BOM),Delhi (DEL),B38M,VT-YAP,09:20:00,Monday,9,0,-8.0
 ,2025-07-20,Mumbai (BOM),Delhi (DEL),B38M,VT-YAM,09:20:00,Sunday,9,0,-27.0
 ,2025-07-19,Mumbai (BOM),Delhi (DEL),B38M,VT-YAT,09:20:00,Saturday,9,0,-16.0
 ,2025-07-25,Mumbai (BOM),Rajkot (HSR),A21N,VT-IMM,08:15:00,Friday,8,0,-12.0
 ,2025-07-24,Mumbai (BOM),Rajkot (HSR),A21N,VT-IMM,08:15:00,Thursday,8,0,6.0
 ,2025-07-23,Mumbai (BOM),Rajkot (HSR),A21N,VT-IMM,08:15:00,Wednesday,8,0,-12.0
 ,2025-07-22,Mumbai (BOM),Rajkot (HSR),A21N,VT-IMM,08:15:00,Tuesday,8,0,-24.0
 ,2025-07-21,Mumbai (BOM),Rajkot (HSR),A21N,VT-IRV,08:15:00,Monday,8,0,-19.0
 ,2025-07-20,Mumbai (BOM),Rajkot (HSR),A21N,VT-IRV,08:15:00,Sunday,8,0,-29.0
 ,2025-07-19,Mumbai (BOM),Rajkot (HSR),A21N,VT-IMI,08:15:00,Saturday,8,0,-23.0
 ,2025-07-25,Mumbai (BOM),Hyderabad (HYD),A21N,VT-ICQ,08:50:00,Friday,8,0,-24.0
 ,2025-07-24,Mumbai (BOM),Hyderabad (HYD),A21N,VT-IMB,08:50:00,Thursday,8,0,-10.0
 ,2025-07-23,Mumbai (BOM),Hyderabad (HYD),A21N,VT-ILD,08:50:00,Wednesday,8,0,-17.0
 ,2025-07-22,Mumbai (BOM),Hyderabad (HYD),A21N,VT-IRY,08:50:00,Tuesday,8,0,-24.0
 ,2025-07-21,Mumbai (BOM),Hyderabad (HYD),A21N,VT-IBY,08:50:00,Monday,8,0,-26.0
 ,2025-07-20,Mumbai (BOM),Hyderabad (HYD),A21N,VT-ILH,08:50:00,Sunday,8,0,-16.0
 ,2025-07-19,Mumbai (BOM),Hyderabad (HYD),A21N,VT-IML,08:50:00,Saturday,8,0,-12.0
 ,2025-07-25,Mumbai (BOM),Cochin (COK),A20N,VT-EXN,09:30:00,Friday,9,0,-14.0
 ,2025-07-24,Mumbai (BOM),Cochin (COK),A20N,VT-EXP,09:30:00,Thursday,9,0,-11.0
 ,2025-07-23,Mumbai (BOM),Cochin (COK),A20N,VT-TNJ,09:30:00,Wednesday,9,0,-4.0
 ,2025-07-22,Mumbai (BOM),Cochin (COK),A20N,VT-EXN,09:30:00,Tuesday,9,0,-10.0
 ,2025-07-21,Mumbai (BOM),Cochin (COK),A20N,VT-EXN,09:30:00,Monday,9,0,-4.0
 ,2025-07-20,Mumbai (BOM),Cochin (COK),A20N,VT-TNQ,09:30:00,Sunday,9,0,-18.0
 ,2025-07-19,Mumbai (BOM),Cochin (COK),A20N,VT-EXN,09:30:00,Saturday,9,0,-14.0
 ,2025-07-25,Mumbai (BOM),Dhaka (DAC),A20N,VT-TNV,10:45:00,Friday,10,0,5.0
 ,2025-07-24,Mumbai (BOM),Dhaka (DAC),A20N,VT-TQB,10:45:00,Thursday,10,0,3.0
 ,2025-07-23,Mumbai (BOM),Dhaka (DAC),A20N,VT-TNR,10:45:00,Wednesday,10,0,12.0
 ,2025-07-22,Mumbai (BOM),Dhaka (DAC),A20N,VT-TNV,10:45:00,Tuesday,10,1,38.0
 ,2025-07-21,Mumbai (BOM),Dhaka (DAC),A20N,VT-TNR,10:45:00,Monday,10,1,60.0
 ,2025-07-20,Mumbai (BOM),Dhaka (DAC),A20N,VT-TQJ,10:45:00,Sunday,10,1,17.0
 ,2025-07-19,Mumbai (BOM),Dhaka (DAC),A20N,VT-TNU,10:45:00,Saturday,10,0,9.0
 ,2025-07-25,Mumbai (BOM),Bhopal (BHO),A20N,VT-ISJ,09:00:00,Friday,9,0,-20.0
 ,2025-07-24,Mumbai (BOM),Bhopal (BHO),A21N,VT-ICG,09:00:00,Thursday,9,0,-32.0
 ,2025-07-23,Mumbai (BOM),Bhopal (BHO),A20N,VT-IQG,09:00:00,Wednesday,9,0,-30.0
 ,2025-07-22,Mumbai (BOM),Bhopal (BHO),A20N,VT-IIH,09:00:00,Tuesday,9,0,-30.0
 ,2025-07-21,Mumbai (BOM),Bhopal (BHO),A20N,VT-IIS,09:00:00,Monday,9,0,-27.0
 ,2025-07-20,Mumbai (BOM),Bhopal (BHO),A20N,VT-IVY,09:00:00,Sunday,9,0,-24.0
 ,2025-07-19,Mumbai (BOM),Bhopal (BHO),A20N,VT-IVY,09:00:00,Saturday,9,0,-19.0
 ,2025-07-24,Mumbai (BOM),Goa (GOX),A20N,VT-IIH,08:35:00,Thursday,8,0,-27.0
 ,2025-07-23,Mumbai (BOM),Goa (GOX),A20N,VT-IQF,08:35:00,Wednesday,8,0,-20.0
 ,2025-07-22,Mumbai (BOM),Goa (GOX),A20N,VT-IIW,08:35:00,Tuesday,8,0,-18.0
 ,2025-07-21,Mumbai (BOM),Goa (GOX),A20N,VT-IPD,08:35:00,Monday,8,0,-4.0
 ,2025-07-20,Mumbai (BOM),Goa (GOX),A20N,VT-IIX,08:35:00,Sunday,8,0,-27.0
 ,2025-07-19,Mumbai (BOM),Goa (GOX),A20N,VT-ITV,08:35:00,Saturday,8,0,-14.0
 ,2025-07-25,Mumbai (BOM),Bengaluru (BLR),A21N,VT-NCM,09:30:00,Friday,9,0,-16.0
 ,2025-07-24,Mumbai (BOM),Bengaluru (BLR),A21N,VT-ICF,09:30:00,Thursday,9,0,-27.0
 ,2025-07-23,Mumbai (BOM),Bengaluru (BLR),A21N,VT-NCK,09:30:00,Wednesday,9,0,-30.0
 ,2025-07-22,Mumbai (BOM),Bengaluru (BLR),A21N,VT-NCK,09:30:00,Tuesday,9,0,-31.0
 ,2025-07-21,Mumbai (BOM),Bengaluru (BLR),A21N,VT-NCK,09:30:00,Monday,9,0,-26.0
 ,2025-07-20,Mumbai (BOM),Bengaluru (BLR),A21N,VT-NCK,09:30:00,Sunday,9,0,-38.0
 ,2025-07-19,Mumbai (BOM),Bengaluru (BLR),A21N,VT-NCJ,09:30:00,Saturday,9,0,-18.0
 ,2025-07-25,Mumbai (BOM),Coimbatore (CJB),A20N,VT-ISK,09:30:00,Friday,9,0,-6.0
 ,2025-07-24,Mumbai (BOM),Coimbatore (CJB),A20N,VT-ISJ,09:30:00,Thursday,9,0,-15.0
 ,2025-07-23,Mumbai (BOM),Coimbatore (CJB),A20N,VT-IIH,09:30:00,Wednesday,9,0,-26.0
 ,2025-07-22,Mumbai (BOM),Coimbatore (CJB),A20N,VT-IQG,09:30:00,Tuesday,9,0,-29.0
 ,2025-07-21,Mumbai (BOM),Coimbatore (CJB),A20N,VT-IVE,09:30:00,Monday,9,0,-14.0
 ,2025-07-20,Mumbai (BOM),Coimbatore (CJB),A20N,VT-IQK,09:30:00,Sunday,9,0,4.0
 ,2025-07-19,Mumbai (BOM),Coimbatore (CJB),A20N,VT-IIW,09:30:00,Saturday,9,0,-11.0
 ,2025-07-25,Mumbai (BOM),Bengaluru (BLR),A20N,VT-TNW,09:45:00,Friday,9,0,-4.0
 ,2025-07-24,Mumbai (BOM),Bengaluru (BLR),A20N,VT-TQT,09:45:00,Thursday,9,0,-39.0
 ,2025-07-23,Mumbai (BOM),Bengaluru (BLR),A20N,VT-TNH,09:45:00,Wednesday,9,0,-30.0
 ,2025-07-22,Mumbai (BOM),Bengaluru (BLR),A20N,VT-ATV,09:45:00,Tuesday,9,0,-17.0
 ,2025-07-21,Mumbai (BOM),Bengaluru (BLR),A20N,VT-TQX,09:45:00,Monday,9,0,-17.0
 ,2025-07-20,Mumbai (BOM),Bengaluru (BLR),A20N,VT-TQC,09:45:00,Sunday,9,0,-30.0
 ,2025-07-19,Mumbai (BOM),Bengaluru (BLR),A20N,VT-TNP,09:45:00,Saturday,9,0,-19.0
 ,2025-07-25,Mumbai (BOM),Varanasi (VNS),A21N,VT-ILV,09:55:00,Friday,9,0,-3.0
 ,2025-07-24,Mumbai (BOM),Varanasi (VNS),A21N,VT-ILZ,09:55:00,Thursday,9,0,-19.0
 ,2025-07-23,Mumbai (BOM),Varanasi (VNS),A21N,VT-ILZ,09:55:00,Wednesday,9,0,-20.0
 ,2025-07-22,Mumbai (BOM),Varanasi (VNS),A21N,VT-IRV,09:55:00,Tuesday,9,0,5.0
 ,2025-07-21,Mumbai (BOM),Varanasi (VNS),A21N,VT-IMM,09:55:00,Monday,9,0,-11.0
 ,2025-07-20,Mumbai (BOM),Varanasi (VNS),A21N,VT-ICT,09:55:00,Sunday,9,0,-20.0
 ,2025-07-19,Mumbai (BOM),Varanasi (VNS),A21N,VT-ICQ,09:55:00,Saturday,9,0,-14.0
 ,2025-07-25,Mumbai (BOM),Lucknow (LKO),B38M,VT-YBF,10:00:00,Friday,10,0,-1.0
 ,2025-07-24,Mumbai (BOM),Lucknow (LKO),B38M,VT-YAI,10:00:00,Thursday,10,0,-6.0
 ,2025-07-22,Mumbai (BOM),Lucknow (LKO),B38M,VT-YAQ,10:00:00,Tuesday,10,0,-9.0
 ,2025-07-21,Mumbai (BOM),Lucknow (LKO),B38M,VT-YAM,10:00:00,Monday,10,1,45.0
 ,2025-07-20,Mumbai (BOM),Lucknow (LKO),B38M,VT-YAS,10:00:00,Sunday,10,0,6.0
 ,2025-07-19,Mumbai (BOM),Lucknow (LKO),B38M,VT-YAG,10:00:00,Saturday,10,0,2.0
 ,2025-07-25,Mumbai (BOM),Bangkok (BKK),A20N,VT-RTS,13:35:00,Friday,13,1,23.0
 ,2025-07-24,Mumbai (BOM),Bangkok (BKK),A20N,VT-EXN,13:35:00,Thursday,13,0,1.0
 ,2025-07-23,Mumbai (BOM),Bangkok (BKK),A20N,VT-EXU,13:35:00,Wednesday,13,1,32.0
 ,2025-07-22,Mumbai (BOM),Bangkok (BKK),A20N,VT-RTS,13:35:00,Tuesday,13,1,23.0
 ,2025-07-21,Mumbai (BOM),Bangkok (BKK),A20N,VT-RTU,13:35:00,Monday,13,0,11.0
 ,2025-07-20,Mumbai (BOM),Bangkok (BKK),A20N,VT-RTT,13:35:00,Sunday,13,0,12.0
 ,2025-07-19,Mumbai (BOM),Bangkok (BKK),A20N,VT-RTN,13:35:00,Saturday,13,0,10.0
 ,2025-07-25,Mumbai (BOM),Delhi (DEL),A20N,VT-TNI,09:55:00,Friday,9,0,-6.0
 ,2025-07-24,Mumbai (BOM),Delhi (DEL),A20N,VT-TNB,09:55:00,Thursday,9,0,3.0
 ,2025-07-23,Mumbai (BOM),Delhi (DEL),A20N,VT-TNX,09:55:00,Wednesday,9,0,12.0
 ,2025-07-21,Mumbai (BOM),Delhi (DEL),A20N,VT-TQN,09:55:00,Monday,9,1,30.0
 ,2025-07-20,Mumbai (BOM),Delhi (DEL),A20N,VT-TNI,09:55:00,Sunday,9,0,-15.0
 ,2025-07-19,Mumbai (BOM),Delhi (DEL),A20N,VT-EXR,09:55:00,Saturday,9,0,-13.0
 ,2025-07-25,Mumbai (BOM),Kolkata (CCU),A21N,VT-IBF,10:45:00,Friday,10,0,-6.0
 ,2025-07-24,Mumbai (BOM),Kolkata (CCU),A21N,VT-IMC,10:45:00,Thursday,10,0,-9.0
 ,2025-07-23,Mumbai (BOM),Kolkata (CCU),A21N,VT-ICO,10:45:00,Wednesday,10,0,-12.0
 ,2025-07-22,Mumbai (BOM),Kolkata (CCU),A21N,VT-IBD,10:45:00,Tuesday,10,0,-5.0
 ,2025-07-21,Mumbai (BOM),Kolkata (CCU),A21N,VT-IBM,10:45:00,Monday,10,1,32.0
 ,2025-07-20,Mumbai (BOM),Kolkata (CCU),A21N,VT-IBQ,10:45:00,Sunday,10,0,6.0
 ,2025-07-19,Mumbai (BOM),Kolkata (CCU),A21N,VT-IMH,10:45:00,Saturday,10,0,-10.0
 ,2025-07-25,Mumbai (BOM),Siliguri (IXB),A20N,VT-IIH,10:55:00,Friday,10,0,1.0
 ,2025-07-24,Mumbai (BOM),Siliguri (IXB),A20N,VT-IQO,10:55:00,Thursday,10,0,-19.0
 ,2025-07-23,Mumbai (BOM),Siliguri (IXB),A20N,VT-IXI,10:55:00,Wednesday,10,0,3.0
 ,2025-07-22,Mumbai (BOM),Siliguri (IXB),A20N,VT-IQF,10:55:00,Tuesday,10,0,-24.0
 ,2025-07-21,Mumbai (BOM),Siliguri (IXB),A20N,VT-IIH,10:55:00,Monday,10,1,19.0
 ,2025-07-20,Mumbai (BOM),Siliguri (IXB),A20N,VT-IIS,10:55:00,Sunday,10,0,-13.0
 ,2025-07-19,Mumbai (BOM),Siliguri (IXB),A20N,VT-IQK,10:55:00,Saturday,10,0,-22.0
 ,2025-07-25,Mumbai (BOM),Delhi (DEL),A21N,VT-NCR,10:15:00,Friday,10,0,5.0
 ,2025-07-24,Mumbai (BOM),Delhi (DEL),A21N,VT-NCG,10:15:00,Thursday,10,0,-14.0
 ,2025-07-23,Mumbai (BOM),Delhi (DEL),A21N,VT-NCL,10:15:00,Wednesday,10,0,-1.0
 ,2025-07-22,Mumbai (BOM),Delhi (DEL),A21N,VT-NCJ,10:15:00,Tuesday,10,0,-2.0
 ,2025-07-21,Mumbai (BOM),Delhi (DEL),A21N,VT-NCJ,10:15:00,Monday,10,1,27.0
 ,2025-07-20,Mumbai (BOM),Delhi (DEL),A21N,VT-NCC,10:15:00,Sunday,10,0,-9.0
 ,2025-07-19,Mumbai (BOM),Delhi (DEL),A21N,VT-NCN,10:15:00,Saturday,10,0,-14.0
 ,2025-07-25,Mumbai (BOM),Dubai (DXB),A20N,VT-IPD,09:40:00,Friday,9,0,-6.0
 ,2025-07-24,Mumbai (BOM),Dubai (DXB),A20N,VT-IPI,09:40:00,Thursday,9,0,-19.0
 ,2025-07-23,Mumbai (BOM),Dubai (DXB),A20N,VT-IIO,09:40:00,Wednesday,9,0,-19.0
 ,2025-07-22,Mumbai (BOM),Dubai (DXB),A20N,VT-IZE,09:40:00,Tuesday,9,0,-14.0
 ,2025-07-21,Mumbai (BOM),Dubai (DXB),A20N,VT-IZE,09:40:00,Monday,9,1,32.0
 ,2025-07-20,Mumbai (BOM),Dubai (DXB),A20N,VT-IQO,09:40:00,Sunday,9,0,-5.0
 ,2025-07-19,Mumbai (BOM),Dubai (DXB),A20N,VT-IIX,09:40:00,Saturday,9,0,-5.0
 ,2025-07-25,Mumbai (BOM),Chennai (MAA),A21N,VT-IWR,10:10:00,Friday,10,1,21.0
 ,2025-07-24,Mumbai (BOM),Chennai (MAA),A21N,VT-ICO,10:10:00,Thursday,10,0,-2.0
 ,2025-07-23,Mumbai (BOM),Chennai (MAA),A21N,VT-ILH,10:10:00,Wednesday,10,0,-1.0
 ,2025-07-22,Mumbai (BOM),Chennai (MAA),A21N,VT-IBW,10:10:00,Tuesday,10,0,-4.0
 ,2025-07-21,Mumbai (BOM),Chennai (MAA),A21N,VT-IBF,10:10:00,Monday,10,1,29.0
 ,2025-07-20,Mumbai (BOM),Chennai (MAA),A21N,VT-IRZ,10:10:00,Sunday,10,0,-6.0
 ,2025-07-19,Mumbai (BOM),Chennai (MAA),A21N,VT-IBY,10:10:00,Saturday,10,0,5.0
 ,2025-07-25,Mumbai (BOM),Goa (GOX),A21N,VT-ILO,09:30:00,Friday,9,0,-10.0
 ,2025-07-24,Mumbai (BOM),Goa (GOX),A21N,VT-ICK,09:30:00,Thursday,9,0,-17.0
 ,2025-07-23,Mumbai (BOM),Goa (GOX),A21N,VT-ICK,09:30:00,Wednesday,9,0,-6.0
 ,2025-07-22,Mumbai (BOM),Goa (GOX),A21N,VT-ICK,09:30:00,Tuesday,9,0,-15.0
 ,2025-07-21,Mumbai (BOM),Goa (GOX),A21N,VT-ICK,09:30:00,Monday,9,1,30.0
 ,2025-07-20,Mumbai (BOM),Goa (GOX),A21N,VT-ICL,09:30:00,Sunday,9,0,-12.0
 ,2025-07-19,Mumbai (BOM),Goa (GOX),A21N,VT-IBX,09:30:00,Saturday,9,0,-20.0
 ,2025-07-25,Mumbai (BOM),Tirupati (TIR),A21N,VT-ICK,10:20:00,Friday,10,1,23.0
 ,2025-07-24,Mumbai (BOM),Tirupati (TIR),A21N,VT-IML,10:20:00,Thursday,10,0,-10.0
 ,2025-07-23,Mumbai (BOM),Tirupati (TIR),A21N,VT-IMZ,10:20:00,Wednesday,10,0,-3.0
 ,2025-07-22,Mumbai (BOM),Tirupati (TIR),A21N,VT-ICZ,10:20:00,Tuesday,10,0,-14.0
 ,2025-07-21,Mumbai (BOM),Tirupati (TIR),A21N,VT-ICG,10:20:00,Monday,10,1,44.0
 ,2025-07-20,Mumbai (BOM),Tirupati (TIR),A21N,VT-IBO,10:20:00,Sunday,10,0,-16.0
 ,2025-07-19,Mumbai (BOM),Tirupati (TIR),A21N,VT-ILI,10:20:00,Saturday,10,0,-15.0
 ,2025-07-24,Mumbai (BOM),Jaipur (JAI),A20N,VT-IZC,10:25:00,Thursday,10,0,-13.0
 ,2025-07-23,Mumbai (BOM),Jaipur (JAI),A20N,VT-ISP,10:25:00,Wednesday,10,0,-10.0
 ,2025-07-22,Mumbai (BOM),Jaipur (JAI),A20N,VT-IQH,10:25:00,Tuesday,10,0,-20.0
 ,2025-07-21,Mumbai (BOM),Jaipur (JAI),A20N,VT-IQA,10:25:00,Monday,10,1,121.0
 ,2025-07-20,Mumbai (BOM),Jaipur (JAI),A20N,VT-IXO,10:25:00,Sunday,10,0,-17.0
 ,2025-07-19,Mumbai (BOM),Jaipur (JAI),A20N,VT-IXI,10:25:00,Saturday,10,0,-20.0
 ,2025-07-25,Mumbai (BOM),Ahmedabad (AMD),B38M,VT-YAG,10:00:00,Friday,10,0,14.0
 ,2025-07-24,Mumbai (BOM),Ahmedabad (AMD),B38M,VT-YAR,10:00:00,Thursday,10,0,0.0
 ,2025-07-23,Mumbai (BOM),Ahmedabad (AMD),B38M,VT-YBC,10:00:00,Wednesday,10,0,5.0
 ,2025-07-22,Mumbai (BOM),Ahmedabad (AMD),B38M,VT-YAR,10:00:00,Tuesday,10,0,7.0
 ,2025-07-21,Mumbai (BOM),Ahmedabad (AMD),B38M,VT-YBC,10:00:00,Monday,10,1,95.0
 ,2025-07-20,Mumbai (BOM),Ahmedabad (AMD),B38M,VT-YAX,10:00:00,Sunday,10,1,108.0
 ,2025-07-19,Mumbai (BOM),Ahmedabad (AMD),B38M,VT-YAC,10:00:00,Saturday,10,0,-3.0
 ,2025-07-25,Mumbai (BOM),Muscat (MCT),B38M,A4O-MJ,09:50:00,Friday,9,0,10.0
 ,2025-07-24,Mumbai (BOM),Muscat (MCT),B739,A4O-BT,11:15:00,Thursday,11,0,-20.0
 ,2025-07-23,Mumbai (BOM),Muscat (MCT),B739,A4O-BY,11:15:00,Wednesday,11,1,121.0
 ,2025-07-21,Mumbai (BOM),Muscat (MCT),B739,A4O-BT,11:15:00,Monday,11,1,96.0
 ,2025-07-20,Mumbai (BOM),Muscat (MCT),B739,A4O-BT,11:15:00,Sunday,11,1,158.0
 ,2025-07-19,Mumbai (BOM),Muscat (MCT),B738,A4O-BAC,11:15:00,Saturday,11,0,-13.0
 ,2025-07-25,Mumbai (BOM),Singapore (SIN),A21N,VT-IMH,17:20:00,Friday,17,0,-5.0
 ,2025-07-24,Mumbai (BOM),Singapore (SIN),A21N,VT-ILG,17:20:00,Thursday,17,0,-21.0
 ,2025-07-23,Mumbai (BOM),Singapore (SIN),A21N,VT-ILG,17:20:00,Wednesday,17,0,-26.0
 ,2025-07-22,Mumbai (BOM),Singapore (SIN),A21N,VT-ILN,17:20:00,Tuesday,17,0,-48.0
 ,2025-07-21,Mumbai (BOM),Singapore (SIN),A21N,VT-ILX,17:20:00,Monday,17,1,57.0
 ,2025-07-20,Mumbai (BOM),Singapore (SIN),A21N,VT-ILX,17:20:00,Sunday,17,0,-20.0
 ,2025-07-19,Mumbai (BOM),Singapore (SIN),A21N,VT-ILT,17:20:00,Saturday,17,0,-36.0
 ,2025-07-25,Mumbai (BOM),Bengaluru (BLR),A21N,VT-NCL,10:45:00,Friday,10,0,-21.0
 ,2025-07-24,Mumbai (BOM),Bengaluru (BLR),A21N,VT-NCL,10:45:00,Thursday,10,0,-37.0
 ,2025-07-23,Mumbai (BOM),Bengaluru (BLR),A21N,VT-IWQ,10:45:00,Wednesday,10,0,-28.0
 ,2025-07-22,Mumbai (BOM),Bengaluru (BLR),A21N,VT-IWQ,10:45:00,Tuesday,10,0,-35.0
 ,2025-07-21,Mumbai (BOM),Bengaluru (BLR),A21N,VT-IWQ,10:45:00,Monday,10,0,-4.0
 ,2025-07-20,Mumbai (BOM),Bengaluru (BLR),A21N,VT-IWV,10:45:00,Sunday,10,0,-35.0
 ,2025-07-19,Mumbai (BOM),Bengaluru (BLR),A21N,VT-NCD,10:45:00,Saturday,10,0,-32.0
 ,2025-07-25,Mumbai (BOM),Delhi (DEL),A20N,VT-TNP,10:55:00,Friday,10,1,28.0
 ,2025-07-24,Mumbai (BOM),Delhi (DEL),A20N,VT-TNX,10:55:00,Thursday,10,0,-20.0
 ,2025-07-23,Mumbai (BOM),Delhi (DEL),A20N,VT-TQK,10:55:00,Wednesday,10,0,3.0
 ,2025-07-22,Mumbai (BOM),Delhi (DEL),A20N,VT-TNE,10:55:00,Tuesday,10,1,19.0
 ,2025-07-21,Mumbai (BOM),Delhi (DEL),A20N,VT-TQP,10:55:00,Monday,10,0,3.0
 ,2025-07-20,Mumbai (BOM),Delhi (DEL),A20N,VT-TQV,10:55:00,Sunday,10,0,-19.0
 ,2025-07-19,Mumbai (BOM),Delhi (DEL),A20N,VT-ATV,10:55:00,Saturday,10,0,-16.0
 ,2025-07-25,Mumbai (BOM),Mangaluru (IXE),A20N,VT-IQG,10:20:00,Friday,10,0,11.0
 ,2025-07-24,Mumbai (BOM),Mangaluru (IXE),A20N,VT-IQK,10:20:00,Thursday,10,0,-10.0
 ,2025-07-23,Mumbai (BOM),Mangaluru (IXE),A20N,VT-IIS,10:20:00,Wednesday,10,0,-1.0
 ,2025-07-22,Mumbai (BOM),Mangaluru (IXE),A20N,VT-IVB,10:20:00,Tuesday,10,0,-22.0
 ,2025-07-21,Mumbai (BOM),Mangaluru (IXE),A20N,VT-IIW,10:20:00,Monday,10,1,89.0
 ,2025-07-20,Mumbai (BOM),Mangaluru (IXE),A20N,VT-ITR,10:20:00,Sunday,10,0,-6.0
 ,2025-07-19,Mumbai (BOM),Mangaluru (IXE),A20N,VT-IJR,10:20:00,Saturday,10,0,-9.0
 ,2025-07-25,Mumbai (BOM),Bhubaneswar (BBI),A21N,VT-IMB,11:20:00,Friday,11,1,20.0
 ,2025-07-24,Mumbai (BOM),Bhubaneswar (BBI),A21N,VT-IRY,11:20:00,Thursday,11,0,-5.0
 ,2025-07-23,Mumbai (BOM),Bhubaneswar (BBI),A21N,VT-IRZ,11:20:00,Wednesday,11,0,-13.0
 ,2025-07-22,Mumbai (BOM),Bhubaneswar (BBI),A21N,VT-ICY,11:20:00,Tuesday,11,0,-1.0
 ,2025-07-21,Mumbai (BOM),Bhubaneswar (BBI),A21N,VT-ICL,11:20:00,Monday,11,1,75.0
 ,2025-07-20,Mumbai (BOM),Bhubaneswar (BBI),A21N,VT-IBD,11:20:00,Sunday,11,0,-19.0
 ,2025-07-19,Mumbai (BOM),Bhubaneswar (BBI),A21N,VT-IRV,11:20:00,Saturday,11,0,-19.0
 ,2025-07-25,Mumbai (BOM),Ahmedabad (AMD),A320,VT-IFN,10:15:00,Friday,10,1,51.0
 ,2025-07-24,Mumbai (BOM),Ahmedabad (AMD),A20N,VT-IQC,10:15:00,Thursday,10,0,-13.0
 ,2025-07-23,Mumbai (BOM),Ahmedabad (AMD),A20N,VT-IIX,10:15:00,Wednesday,10,0,10.0
 ,2025-07-22,Mumbai (BOM),Ahmedabad (AMD),A20N,VT-IIL,10:15:00,Tuesday,10,1,21.0
 ,2025-07-21,Mumbai (BOM),Ahmedabad (AMD),A20N,VT-IPW,10:15:00,Monday,10,1,68.0
 ,2025-07-20,Mumbai (BOM),Ahmedabad (AMD),A20N,VT-IIE,10:15:00,Sunday,10,0,-21.0
 ,2025-07-19,Mumbai (BOM),Ahmedabad (AMD),A320,VT-IKP,10:15:00,Saturday,10,0,-12.0
AI2739,2025-07-25,Mumbai (BOM),Chennai (MAA),A20N,VT-TQA,11:00:00,Friday,11,0,2.0
AI2739,2025-07-24,Mumbai (BOM),Chennai (MAA),A20N,VT-TNR,11:00:00,Thursday,11,0,-14.0
AI2739,2025-07-23,Mumbai (BOM),Chennai (MAA),A20N,VT-TQJ,11:00:00,Wednesday,11,0,-5.0
AI2739,2025-07-22,Mumbai (BOM),Chennai (MAA),A20N,VT-TNF,11:00:00,Tuesday,11,0,-6.0
AI2739,2025-07-21,Mumbai (BOM),Chennai (MAA),A20N,VT-TQJ,11:00:00,Monday,11,0,14.0
AI2739,2025-07-20,Mumbai (BOM),Chennai (MAA),A20N,VT-TNP,11:00:00,Sunday,11,0,-11.0
AI2739,2025-07-19,Mumbai (BOM),Chennai (MAA),A20N,VT-TNZ,11:00:00,Saturday,11,0,-19.0
QP1518,2025-07-25,Mumbai (BOM),Cochin (COK),B38M,VT-YAB,11:15:00,Friday,11,0,2.0
 ,2025-07-24,Mumbai (BOM),Cochin (COK),B38M,VT-YAP,11:15:00,Thursday,11,0,-21.0
 ,2025-07-23,Mumbai (BOM),Cochin (COK),B38M,VT-YAR,11:15:00,Wednesday,11,0,14.0
 ,2025-07-22,Mumbai (BOM),Cochin (COK),B38M,VT-YBB,11:15:00,Tuesday,11,1,128.0
 ,2025-07-21,Mumbai (BOM),Cochin (COK),B38M,VT-YAF,11:15:00,Monday,11,1,318.0
 ,2025-07-20,Mumbai (BOM),Cochin (COK),B38M,VT-YAL,10:55:00,Sunday,10,0,-19.0
 ,2025-07-19,Mumbai (BOM),Cochin (COK),B38M,VT-YAH,11:15:00,Saturday,11,0,-21.0
AI645,2025-07-25,Mumbai (BOM),Jodhpur (JDH),A319,VT-SCV,11:05:00,Friday,11,0,-11.0
 ,2025-07-24,Mumbai (BOM),Jodhpur (JDH),A319,VT-SCF,11:05:00,Thursday,11,0,-4.0
 ,2025-07-23,Mumbai (BOM),Jodhpur (JDH),A319,VT-SCV,11:05:00,Wednesday,11,1,19.0
 ,2025-07-22,Mumbai (BOM),Jodhpur (JDH),A319,VT-SCF,11:05:00,Tuesday,11,0,-18.0
 ,2025-07-21,Mumbai (BOM),Jodhpur (JDH),A20N,VT-EXQ,11:05:00,Monday,11,1,70.0
 ,2025-07-20,Mumbai (BOM),Jodhpur (JDH),A319,VT-SCF,11:05:00,Sunday,11,0,-30.0
 ,2025-07-19,Mumbai (BOM),Jodhpur (JDH),A319,VT-SCV,11:05:00,Saturday,11,0,-25.0
 ,2025-07-25,Mumbai (BOM),Goa (GOX),A20N,VT-IQZ,10:30:00,Friday,10,0,-8.0
 ,2025-07-24,Mumbai (BOM),Goa (GOX),A20N,VT-IPW,10:30:00,Thursday,10,0,-24.0
 ,2025-07-23,Mumbai (BOM),Goa (GOX),A20N,VT-IPW,10:30:00,Wednesday,10,0,3.0
 ,2025-07-22,Mumbai (BOM),Goa (GOX),A20N,VT-ISS,10:30:00,Tuesday,10,0,-21.0
 ,2025-07-21,Mumbai (BOM),Goa (GOX),A20N,VT-IXO,10:30:00,Monday,10,1,108.0
 ,2025-07-20,Mumbai (BOM),Goa (GOX),A20N,VT-IQG,10:30:00,Sunday,10,0,-16.0
 ,2025-07-19,Mumbai (BOM),Goa (GOX),A20N,VT-IXK,10:30:00,Saturday,10,0,-37.0
 ,2025-07-25,Mumbai (BOM),Bengaluru (BLR),A20N,VT-TNY,11:00:00,Friday,11,1,18.0
 ,2025-07-24,Mumbai (BOM),Bengaluru (BLR),A20N,VT-TNF,11:00:00,Thursday,11,0,-4.0
 ,2025-07-23,Mumbai (BOM),Bengaluru (BLR),A20N,VT-TNQ,11:00:00,Wednesday,11,0,-1.0
 ,2025-07-22,Mumbai (BOM),Bengaluru (BLR),A20N,VT-TQB,11:00:00,Tuesday,11,0,8.0
 ,2025-07-21,Mumbai (BOM),Bengaluru (BLR),A20N,VT-TNS,11:00:00,Monday,11,1,65.0
 ,2025-07-20,Mumbai (BOM),Bengaluru (BLR),A20N,VT-TQM,11:00:00,Sunday,11,0,-20.0
 ,2025-07-19,Mumbai (BOM),Bengaluru (BLR),A20N,VT-TQR,11:00:00,Saturday,11,0,-16.0
 ,2025-07-25,Mumbai (BOM),Delhi (DEL),A20N,VT-RTU,11:40:00,Friday,11,0,0.0
 ,2025-07-24,Mumbai (BOM),Delhi (DEL),A20N,VT-TQL,11:40:00,Thursday,11,0,-15.0
 ,2025-07-23,Mumbai (BOM),Delhi (DEL),A20N,VT-TNW,11:40:00,Wednesday,11,0,-10.0
 ,2025-07-22,Mumbai (BOM),Delhi (DEL),A20N,VT-RIO,11:40:00,Tuesday,11,0,-14.0
 ,2025-07-21,Mumbai (BOM),Delhi (DEL),A20N,VT-EXG,11:40:00,Monday,11,1,41.0
 ,2025-07-20,Mumbai (BOM),Delhi (DEL),A20N,VT-RTJ,11:40:00,Sunday,11,0,-21.0
 ,2025-07-19,Mumbai (BOM),Delhi (DEL),A20N,VT-RTZ,11:40:00,Saturday,11,0,-21.0
 ,2025-07-24,Mumbai (BOM),London (LHR),B772,G-YMMS,14:55:00,Thursday,14,0,-38.0
 ,2025-07-23,Mumbai (BOM),London (LHR),B772,G-YMMG,14:55:00,Wednesday,14,0,-29.0
 ,2025-07-22,Mumbai (BOM),London (LHR),B772,G-YMMT,14:55:00,Tuesday,14,1,113.0
 ,2025-07-21,Mumbai (BOM),London (LHR),B772,G-YMMT,14:55:00,Monday,14,1,141.0
 ,2025-07-20,Mumbai (BOM),London (LHR),B772,G-YMMU,14:55:00,Sunday,14,0,-15.0
 ,2025-07-19,Mumbai (BOM),London (LHR),B772,G-YMMU,14:55:00,Saturday,14,0,-21.0
 ,2025-07-18,Mumbai (BOM),London (LHR),B772,G-YMMI,14:55:00,Friday,14,0,-39.0
 ,2025-07-25,Mumbai (BOM),Kolhapur (KLH),E75L,VT-GSI,10:35:00,Friday,10,0,11.0
 ,2025-07-24,Mumbai (BOM),Kolhapur (KLH),E75L,VT-GSI,10:35:00,Thursday,10,0,-21.0
 ,2025-07-23,Mumbai (BOM),Kolhapur (KLH),E75L,VT-GSI,10:35:00,Wednesday,10,0,-10.0
 ,2025-07-22,Mumbai (BOM),Kolhapur (KLH),E75L,VT-GSI,10:35:00,Tuesday,10,0,-2.0
 ,2025-07-21,Mumbai (BOM),Kolhapur (KLH),E75L,VT-GSI,10:35:00,Monday,10,1,187.0
 ,2025-07-20,Mumbai (BOM),Kolhapur (KLH),E75L,VT-GSI,10:35:00,Sunday,10,1,44.0
 ,2025-07-19,Mumbai (BOM),Kolhapur (KLH),E75L,VT-GSI,10:35:00,Saturday,10,0,-15.0
 ,2025-07-25,Mumbai (BOM),Doha (DOH),B38M,A7-BSA,10:35:00,Friday,10,0,-15.0
 ,2025-07-24,Mumbai (BOM),Doha (DOH),B38M,A7-BSE,10:35:00,Thursday,10,0,-23.0
 ,2025-07-23,Mumbai (BOM),Doha (DOH),B38M,A7-BSE,10:35:00,Wednesday,10,0,-22.0
 ,2025-07-22,Mumbai (BOM),Doha (DOH),B38M,A7-BSE,10:35:00,Tuesday,10,1,56.0
 ,2025-07-21,Mumbai (BOM),Doha (DOH),A20N,VT-IXH,10:35:00,Monday,10,1,339.0
 ,2025-07-20,Mumbai (BOM),Doha (DOH),B38M,A7-BSE,10:35:00,Sunday,10,0,-28.0
 ,2025-07-19,Mumbai (BOM),Doha (DOH),B38M,A7-BSE,10:35:00,Saturday,10,0,-27.0
 ,2025-07-25,Mumbai (BOM),Srinagar (SXR),A20N,VT-TQS,12:40:00,Friday,12,0,-4.0
 ,2025-07-24,Mumbai (BOM),Srinagar (SXR),A20N,VT-TQM,12:40:00,Thursday,12,0,-24.0
 ,2025-07-23,Mumbai (BOM),Srinagar (SXR),A20N,VT-TQA,12:40:00,Wednesday,12,0,-26.0
 ,2025-07-22,Mumbai (BOM),Srinagar (SXR),A20N,VT-TNC,12:40:00,Tuesday,12,0,-31.0
 ,2025-07-21,Mumbai (BOM),Srinagar (SXR),A20N,VT-TNF,12:40:00,Monday,12,1,88.0
 ,2025-07-20,Mumbai (BOM),Srinagar (SXR),A20N,VT-TQT,12:40:00,Sunday,12,0,-28.0
 ,2025-07-19,Mumbai (BOM),Srinagar (SXR),A20N,VT-TNQ,12:40:00,Saturday,12,0,-38.0
 ,2025-07-25,Mumbai (BOM),Dhaka (DAC),A21N,VT-IML,13:10:00,Friday,13,1,46.0
 ,2025-07-24,Mumbai (BOM),Dhaka (DAC),A21N,VT-IMZ,13:10:00,Thursday,13,1,26.0
 ,2025-07-23,Mumbai (BOM),Dhaka (DAC),A21N,VT-IBW,13:10:00,Wednesday,13,1,32.0
 ,2025-07-22,Mumbai (BOM),Dhaka (DAC),A21N,VT-ICG,13:10:00,Tuesday,13,1,25.0
 ,2025-07-21,Mumbai (BOM),Dhaka (DAC),A21N,VT-ICY,13:10:00,Monday,13,1,155.0
 ,2025-07-20,Mumbai (BOM),Dhaka (DAC),A21N,VT-ICY,13:10:00,Sunday,13,0,-10.0
 ,2025-07-19,Mumbai (BOM),Dhaka (DAC),A21N,VT-IBJ,13:10:00,Saturday,13,0,-5.0
 ,2025-07-25,Mumbai (BOM),Chandigarh (IXC),A320,VT-IFP,11:55:00,Friday,11,0,-7.0
 ,2025-07-24,Mumbai (BOM),Chandigarh (IXC),A20N,VT-IZE,11:55:00,Thursday,11,0,9.0
 ,2025-07-23,Mumbai (BOM),Chandigarh (IXC),A20N,VT-IIM,11:55:00,Wednesday,11,0,11.0
 ,2025-07-22,Mumbai (BOM),Chandigarh (IXC),A20N,VT-IIX,11:55:00,Tuesday,11,0,7.0
 ,2025-07-21,Mumbai (BOM),Chandigarh (IXC),A20N,VT-IIU,11:55:00,Monday,11,1,161.0
 ,2025-07-20,Mumbai (BOM),Amritsar (ATQ),A320,VT-IFK,11:55:00,Sunday,11,0,0.0
 ,2025-07-19,Mumbai (BOM),Chandigarh (IXC),A20N,VT-IJX,11:55:00,Saturday,11,0,-9.0
 ,2025-07-25,Mumbai (BOM),Udaipur (UDR),A20N,VT-CIO,11:15:00,Friday,11,1,49.0
 ,2025-07-24,Mumbai (BOM),Udaipur (UDR),A20N,VT-TYC,11:15:00,Thursday,11,0,10.0
 ,2025-07-23,Mumbai (BOM),Udaipur (UDR),A20N,VT-TYB,11:15:00,Wednesday,11,1,24.0
 ,2025-07-22,Mumbai (BOM),Udaipur (UDR),A20N,VT-TYB,11:15:00,Tuesday,11,1,16.0
 ,2025-07-21,Mumbai (BOM),Udaipur (UDR),A20N,VT-TYB,11:15:00,Monday,11,1,244.0
 ,2025-07-20,Mumbai (BOM),Udaipur (UDR),A20N,VT-TYB,11:15:00,Sunday,11,0,-5.0
 ,2025-07-19,Mumbai (BOM),Udaipur (UDR),A20N,VT-TYE,11:15:00,Saturday,11,1,38.0
 ,2025-07-25,Mumbai (BOM),Bengaluru (BLR),A21N,VT-NCC,12:00:00,Friday,12,0,-32.0
 ,2025-07-24,Mumbai (BOM),Bengaluru (BLR),A21N,VT-NCE,12:00:00,Thursday,12,0,-50.0
 ,2025-07-23,Mumbai (BOM),Bengaluru (BLR),A21N,VT-NCE,12:00:00,Wednesday,12,0,-33.0
 ,2025-07-22,Mumbai (BOM),Bengaluru (BLR),A21N,VT-NCQ,12:00:00,Tuesday,12,0,-48.0
 ,2025-07-21,Mumbai (BOM),Bengaluru (BLR),A21N,VT-NCD,12:00:00,Monday,12,1,33.0
 ,2025-07-20,Mumbai (BOM),Bengaluru (BLR),A21N,VT-NCD,12:00:00,Sunday,12,0,-41.0
 ,2025-07-19,Mumbai (BOM),Bengaluru (BLR),A21N,VT-IWV,12:00:00,Saturday,12,0,-33.0
 ,2025-07-25,Mumbai (BOM),Chennai (MAA),A21N,VT-ILD,12:00:00,Friday,12,0,9.0
 ,2025-07-24,Mumbai (BOM),Chennai (MAA),A21N,VT-IBJ,12:00:00,Thursday,12,0,-21.0
 ,2025-07-23,Mumbai (BOM),Chennai (MAA),A21N,VT-IME,12:00:00,Wednesday,12,0,-16.0
 ,2025-07-22,Mumbai (BOM),Chennai (MAA),A21N,VT-ICQ,12:00:00,Tuesday,12,0,-18.0
 ,2025-07-21,Mumbai (BOM),Chennai (MAA),A21N,VT-ILH,12:00:00,Monday,12,1,135.0
 ,2025-07-20,Mumbai (BOM),Chennai (MAA),A21N,VT-ICQ,12:00:00,Sunday,12,0,-10.0
 ,2025-07-19,Mumbai (BOM),Chennai (MAA),A21N,VT-ICC,12:00:00,Saturday,12,0,-33.0
 ,2025-07-25,Mumbai (BOM),Delhi (DEL),A20N,VT-ATV,12:15:00,Friday,12,0,-4.0
 ,2025-07-24,Mumbai (BOM),Delhi (DEL),A20N,VT-TNE,12:15:00,Thursday,12,0,-15.0
 ,2025-07-23,Mumbai (BOM),Delhi (DEL),A20N,VT-TNI,12:15:00,Wednesday,12,0,-15.0
 ,2025-07-22,Mumbai (BOM),Delhi (DEL),A20N,VT-TNK,12:15:00,Tuesday,12,0,8.0
 ,2025-07-21,Mumbai (BOM),Delhi (DEL),A20N,VT-TQO,12:15:00,Monday,12,1,90.0
 ,2025-07-20,Mumbai (BOM),Delhi (DEL),A20N,VT-TQN,12:15:00,Sunday,12,0,-25.0
 ,2025-07-19,Mumbai (BOM),Delhi (DEL),A20N,VT-TQK,12:15:00,Saturday,12,0,-19.0
 ,2025-07-25,Mumbai (BOM),Kolkata (CCU),A21N,VT-IUO,12:55:00,Friday,12,1,23.0
 ,2025-07-24,Mumbai (BOM),Kolkata (CCU),A21N,VT-ICI,12:55:00,Thursday,12,0,-19.0
 ,2025-07-23,Mumbai (BOM),Kolkata (CCU),A21N,VT-IMI,12:55:00,Wednesday,12,0,-13.0
 ,2025-07-22,Mumbai (BOM),Kolkata (CCU),A21N,VT-ICC,12:55:00,Tuesday,12,0,-18.0
 ,2025-07-21,Mumbai (BOM),Kolkata (CCU),A21N,VT-ICT,12:55:00,Monday,12,1,56.0
 ,2025-07-20,Mumbai (BOM),Kolkata (CCU),A21N,VT-ILI,12:55:00,Sunday,12,0,-19.0
 ,2025-07-19,Mumbai (BOM),Kolkata (CCU),A21N,VT-ILV,12:55:00,Saturday,12,0,-5.0
 ,2025-07-25,Mumbai (BOM),Singapore (SIN),A20N,VT-TQF,18:30:00,Friday,18,0,3.0
 ,2025-07-24,Mumbai (BOM),Singapore (SIN),A20N,VT-TQF,18:30:00,Thursday,18,0,-25.0
 ,2025-07-23,Mumbai (BOM),Singapore (SIN),A21N,VT-TVF,18:30:00,Wednesday,18,0,-13.0
 ,2025-07-22,Mumbai (BOM),Singapore (SIN),A21N,VT-TVF,18:30:00,Tuesday,18,0,-4.0
 ,2025-07-21,Mumbai (BOM),Singapore (SIN),A21N,VT-TVF,18:30:00,Monday,18,1,78.0
 ,2025-07-20,Mumbai (BOM),Singapore (SIN),A21N,VT-TVF,18:30:00,Sunday,18,1,89.0
 ,2025-07-19,Mumbai (BOM),Singapore (SIN),A21N,VT-TVD,17:40:00,Saturday,17,0,9.0
 ,2025-07-25,Mumbai (BOM),Hyderabad (HYD),A20N,VT-TQE,11:35:00,Friday,11,0,3.0
 ,2025-07-24,Mumbai (BOM),Hyderabad (HYD),A20N,VT-TQA,11:35:00,Thursday,11,0,0.0
 ,2025-07-23,Mumbai (BOM),Hyderabad (HYD),A20N,VT-TQU,11:35:00,Wednesday,11,0,3.0
 ,2025-07-22,Mumbai (BOM),Hyderabad (HYD),A20N,VT-TQK,11:35:00,Tuesday,11,0,14.0
 ,2025-07-21,Mumbai (BOM),Hyderabad (HYD),A20N,VT-TQM,11:35:00,Monday,11,1,100.0
 ,2025-07-20,Mumbai (BOM),Hyderabad (HYD),A20N,VT-TQK,11:35:00,Sunday,11,0,-15.0
 ,2025-07-19,Mumbai (BOM),Hyderabad (HYD),A20N,VT-TNJ,11:35:00,Saturday,11,0,-8.0
 ,2025-07-25,Mumbai (BOM),Jabalpur (JLR),A20N,VT-ISP,12:05:00,Friday,12,0,13.0
 ,2025-07-24,Mumbai (BOM),Jabalpur (JLR),A20N,VT-IQG,12:05:00,Thursday,12,0,-15.0
 ,2025-07-23,Mumbai (BOM),Jabalpur (JLR),A20N,VT-IIL,12:05:00,Wednesday,12,0,-16.0
 ,2025-07-22,Mumbai (BOM),Jabalpur (JLR),A20N,VT-IIE,12:05:00,Tuesday,12,0,-4.0
 ,2025-07-21,Mumbai (BOM),Jabalpur (JLR),A20N,VT-ITR,12:05:00,Monday,12,1,113.0
 ,2025-07-20,Mumbai (BOM),Jabalpur (JLR),A320,VT-IFN,12:05:00,Sunday,12,0,-16.0
 ,2025-07-19,Mumbai (BOM),Jabalpur (JLR),A20N,VT-ITR,12:05:00,Saturday,12,0,-47.0
 ,2025-07-25,Mumbai (BOM),Dubai (DXB),B77W,A6-EGK,11:45:00,Friday,11,0,2.0
 ,2025-07-24,Mumbai (BOM),Dubai (DXB),B77W,A6-EGX,11:45:00,Thursday,11,0,-24.0
 ,2025-07-23,Mumbai (BOM),Dubai (DXB),B77W,A6-ENG,11:45:00,Wednesday,11,0,-7.0
 ,2025-07-22,Mumbai (BOM),Dubai (DXB),B77W,A6-EGO,11:45:00,Tuesday,11,0,-6.0
 ,2025-07-21,Mumbai (BOM),Dubai (DXB),B77L,A6-EWF,11:45:00,Monday,11,1,107.0
 ,2025-07-20,Mumbai (BOM),Dubai (DXB),B77W,A6-EGP,11:45:00,Sunday,11,0,-19.0
 ,2025-07-19,Mumbai (BOM),Dubai (DXB),B77W,A6-EPF,11:45:00,Saturday,11,0,9.0
 ,2025-07-25,Mumbai (BOM),Varanasi (VNS),A319,VT-SCF,12:35:00,Friday,12,0,-1.0
 ,2025-07-24,Mumbai (BOM),Varanasi (VNS),A319,VT-SCV,12:35:00,Thursday,12,0,0.0
 ,2025-07-23,Mumbai (BOM),Varanasi (VNS),A319,VT-SCF,12:50:00,Wednesday,12,0,-6.0
 ,2025-07-22,Mumbai (BOM),Varanasi (VNS),A319,VT-SCV,12:35:00,Tuesday,12,0,1.0
 ,2025-07-21,Mumbai (BOM),Varanasi (VNS),A319,VT-SCF,12:35:00,Monday,12,1,97.0
 ,2025-07-20,Mumbai (BOM),Varanasi (VNS),A319,VT-SCV,12:35:00,Sunday,12,0,1.0
 ,2025-07-19,Mumbai (BOM),Varanasi (VNS),A319,VT-SCF,12:35:00,Saturday,12,0,1.0
 ,2025-07-25,Mumbai (BOM),Indore (IDR),A21N,VT-IMZ,11:45:00,Friday,11,1,16.0
 ,2025-07-24,Mumbai (BOM),Indore (IDR),A21N,VT-IBW,11:45:00,Thursday,11,0,-12.0
 ,2025-07-23,Mumbai (BOM),Indore (IDR),A21N,VT-ICG,11:45:00,Wednesday,11,1,64.0
 ,2025-07-22,Mumbai (BOM),Indore (IDR),A21N,VT-ICO,11:45:00,Tuesday,11,0,-1.0
 ,2025-07-21,Mumbai (BOM),Indore (IDR),A21N,VT-IBO,11:45:00,Monday,11,1,29.0
 ,2025-07-20,Mumbai (BOM),Indore (IDR),A21N,VT-IBY,11:45:00,Sunday,11,0,-6.0
 ,2025-07-19,Mumbai (BOM),Indore (IDR),A21N,VT-ILQ,11:45:00,Saturday,11,0,2.0
 ,2025-07-25,Mumbai (BOM),Amritsar (ATQ),A20N,VT-ISM,12:40:00,Friday,12,0,8.0
 ,2025-07-22,Mumbai (BOM),Amritsar (ATQ),A20N,VT-IQA,12:40:00,Tuesday,12,1,17.0
 ,2025-07-20,Mumbai (BOM),Durgapur (RDP),A20N,VT-IPD,13:00:00,Sunday,13,0,-15.0
 ,2025-07-25,Mumbai (BOM),Bhopal (BHO),A20N,VT-RTJ,12:05:00,Friday,12,1,79.0
 ,2025-07-24,Mumbai (BOM),Bhopal (BHO),A20N,VT-EXU,12:05:00,Thursday,12,1,34.0
 ,2025-07-23,Mumbai (BOM),Bhopal (BHO),A20N,VT-RTJ,12:05:00,Wednesday,12,0,-1.0
 ,2025-07-22,Mumbai (BOM),Bhopal (BHO),A20N,VT-CIN,12:05:00,Tuesday,12,0,-6.0
 ,2025-07-21,Mumbai (BOM),Bhopal (BHO),A321,VT-PPM,12:05:00,Monday,12,1,126.0
 ,2025-07-20,Mumbai (BOM),Bhopal (BHO),A321,VT-PPO,12:05:00,Sunday,12,0,-14.0
 ,2025-07-19,Mumbai (BOM),Bhopal (BHO),A321,VT-PPM,12:05:00,Saturday,12,0,-25.0
 ,2025-07-25,Mumbai (BOM),Delhi (DEL),A20N,VT-TQB,12:45:00,Friday,12,0,-4.0
 ,2025-07-24,Mumbai (BOM),Delhi (DEL),A20N,VT-TQJ,12:45:00,Thursday,12,0,-12.0
 ,2025-07-23,Mumbai (BOM),Delhi (DEL),A20N,VT-TQE,12:45:00,Wednesday,12,0,-13.0
 ,2025-07-22,Mumbai (BOM),Delhi (DEL),A20N,VT-TNZ,12:45:00,Tuesday,12,1,20.0
 ,2025-07-21,Mumbai (BOM),Delhi (DEL),A20N,VT-TNW,12:45:00,Monday,12,1,112.0
 ,2025-07-20,Mumbai (BOM),Delhi (DEL),A20N,VT-TNK,12:45:00,Sunday,12,0,-19.0
 ,2025-07-19,Mumbai (BOM),Delhi (DEL),A20N,VT-TQP,12:45:00,Saturday,12,0,-22.0
 ,2025-07-25,Mumbai (BOM),Darbhanga (DBR),A20N,VT-IJU,13:05:00,Friday,13,1,25.0
 ,2025-07-24,Mumbai (BOM),Deoghar (DGH),A20N,VT-IPD,13:10:00,Thursday,13,0,-2.0
 ,2025-07-22,Mumbai (BOM),Deoghar (DGH),A20N,VT-IXI,13:10:00,Tuesday,13,0,9.0
 ,2025-07-21,Mumbai (BOM),Darbhanga (DBR),A320,VT-IFN,13:05:00,Monday,13,1,148.0
 ,2025-07-20,Mumbai (BOM),Darbhanga (DBR),A20N,VT-IIH,13:05:00,Sunday,13,0,1.0
 ,2025-07-19,Mumbai (BOM),Deoghar (DGH),A20N,VT-IJQ,13:10:00,Saturday,13,0,-2.0
 ,2025-07-25,Mumbai (BOM),Thiruvananthapuram (TRV),A21N,VT-ILZ,12:50:00,Friday,12,1,50.0
 ,2025-07-24,Mumbai (BOM),Thiruvananthapuram (TRV),A21N,VT-ILH,12:50:00,Thursday,12,0,7.0
 ,2025-07-23,Mumbai (BOM),Thiruvananthapuram (TRV),A21N,VT-IRV,12:50:00,Wednesday,12,0,3.0
 ,2025-07-22,Mumbai (BOM),Thiruvananthapuram (TRV),A21N,VT-IMU,12:50:00,Tuesday,12,1,22.0
 ,2025-07-21,Mumbai (BOM),Thiruvananthapuram (TRV),A21N,VT-IML,12:50:00,Monday,12,1,172.0
 ,2025-07-20,Mumbai (BOM),Thiruvananthapuram (TRV),A21N,VT-IBJ,12:50:00,Sunday,12,0,-5.0
 ,2025-07-19,Mumbai (BOM),Thiruvananthapuram (TRV),A21N,VT-IRX,12:50:00,Saturday,12,1,17.0
 ,2025-07-25,Mumbai (BOM),Tiruchirapalli (TRZ),A21N,VT-ICZ,12:40:00,Friday,12,0,12.0
 ,2025-07-24,Mumbai (BOM),Tiruchirapalli (TRZ),A21N,VT-ILC,12:40:00,Thursday,12,0,-12.0
 ,2025-07-23,Mumbai (BOM),Tiruchirapalli (TRZ),A21N,VT-ILC,12:40:00,Wednesday,12,0,-9.0
 ,2025-07-22,Mumbai (BOM),Tiruchirapalli (TRZ),A21N,VT-ILC,12:40:00,Tuesday,12,0,3.0
 ,2025-07-21,Mumbai (BOM),Tiruchirapalli (TRZ),A21N,VT-ICF,12:40:00,Monday,12,1,175.0
 ,2025-07-20,Mumbai (BOM),Tiruchirapalli (TRZ),A21N,VT-ICZ,12:40:00,Sunday,12,0,-13.0
 ,2025-07-19,Mumbai (BOM),Tiruchirapalli (TRZ),A21N,VT-ICZ,12:40:00,Saturday,12,0,4.0
 ,2025-07-25,Mumbai (BOM),Kannur (CNN),A20N,VT-IPZ,12:25:00,Friday,12,1,20.0
 ,2025-07-24,Mumbai (BOM),Kannur (CNN),A20N,VT-IVP,12:25:00,Thursday,12,0,-14.0
 ,2025-07-23,Mumbai (BOM),Kannur (CNN),A20N,VT-ITO,12:25:00,Wednesday,12,0,7.0
 ,2025-07-22,Mumbai (BOM),Kannur (CNN),A320,VT-IAX,12:25:00,Tuesday,12,0,7.0
 ,2025-07-21,Mumbai (BOM),Kannur (CNN),A20N,VT-ISA,12:25:00,Monday,12,1,103.0
 ,2025-07-20,Mumbai (BOM),Kannur (CNN),A20N,VT-IIA,12:25:00,Sunday,12,0,-3.0
 ,2025-07-19,Mumbai (BOM),Kannur (CNN),A20N,VT-IPR,12:25:00,Saturday,12,0,9.0
 ,2025-07-24,Mumbai (BOM),Rajkot (HSR),A21N,VT-ICL,11:55:00,Thursday,11,0,-20.0
 ,2025-07-23,Mumbai (BOM),Rajkot (HSR),A21N,VT-ICZ,11:55:00,Wednesday,11,0,-10.0
 ,2025-07-22,Mumbai (BOM),Rajkot (HSR),A21N,VT-IRW,11:55:00,Tuesday,11,0,0.0
 ,2025-07-21,Mumbai (BOM),Rajkot (HSR),A21N,VT-IRZ,11:55:00,Monday,11,1,109.0
 ,2025-07-20,Mumbai (BOM),Rajkot (HSR),A21N,VT-IMI,11:55:00,Sunday,11,0,-15.0
 ,2025-07-19,Mumbai (BOM),Rajkot (HSR),A21N,VT-IBO,11:55:00,Saturday,11,0,-18.0
 ,2025-07-25,Mumbai (BOM),Darbhanga (DBR),B38M,VT-YAA,13:30:00,Friday,13,1,145.0
 ,2025-07-24,Mumbai (BOM),Darbhanga (DBR),B38M,VT-YAG,13:30:00,Thursday,13,0,-5.0
 ,2025-07-23,Mumbai (BOM),Darbhanga (DBR),B38M,VT-YAC,13:30:00,Wednesday,13,0,5.0
 ,2025-07-22,Mumbai (BOM),Darbhanga (DBR),B38M,VT-YAS,13:30:00,Tuesday,13,1,22.0
 ,2025-07-21,Mumbai (BOM),Darbhanga (DBR),B38M,VT-YAA,13:30:00,Monday,13,1,134.0
 ,2025-07-20,Mumbai (BOM),Darbhanga (DBR),B38M,VT-YAH,13:30:00,Sunday,13,0,-10.0
 ,2025-07-19,Mumbai (BOM),Darbhanga (DBR),B38M,VT-YAL,13:30:00,Saturday,13,0,-15.0
 ,2025-07-25,Mumbai (BOM),Patna (PAT),A20N,VT-TQU,13:20:00,Friday,13,1,24.0
 ,2025-07-24,Mumbai (BOM),Patna (PAT),A20N,VT-CIO,13:20:00,Thursday,13,0,-8.0
 ,2025-07-23,Mumbai (BOM),Patna (PAT),A20N,VT-CIO,13:20:00,Wednesday,13,0,4.0
 ,2025-07-22,Mumbai (BOM),Patna (PAT),A20N,VT-CIO,13:20:00,Tuesday,13,0,8.0
 ,2025-07-21,Mumbai (BOM),Patna (PAT),A20N,VT-CIN,13:20:00,Monday,13,1,71.0
 ,2025-07-20,Mumbai (BOM),Patna (PAT),A20N,VT-CIN,13:20:00,Sunday,13,0,1.0
 ,2025-07-19,Mumbai (BOM),Patna (PAT),A20N,VT-CIN,13:20:00,Saturday,13,0,15.0
 ,2025-07-24,Mumbai (BOM),London (LHR),B789,G-VDIA,16:15:00,Thursday,16,0,-47.0
 ,2025-07-23,Mumbai (BOM),London (LHR),B789,G-VBZZ,16:15:00,Wednesday,16,0,-52.0
 ,2025-07-22,Mumbai (BOM),London (LHR),B789,G-VBEL,16:15:00,Tuesday,16,0,-30.0
 ,2025-07-21,Mumbai (BOM),London (LHR),B789,G-VMAP,16:15:00,Monday,16,1,101.0
 ,2025-07-20,Mumbai (BOM),London (LHR),B789,G-VZIG,16:15:00,Sunday,16,0,-31.0
 ,2025-07-19,Mumbai (BOM),London (LHR),B789,G-VOOH,16:15:00,Saturday,16,0,-50.0
 ,2025-07-18,Mumbai (BOM),London (LHR),B789,G-VBEL,16:15:00,Friday,16,0,-35.0
 ,2025-07-25,Mumbai (BOM),Cochin (COK),A21N,VT-IMD,12:50:00,Friday,12,1,60.0
 ,2025-07-24,Mumbai (BOM),Cochin (COK),A21N,VT-IBU,12:50:00,Thursday,12,0,9.0
 ,2025-07-23,Mumbai (BOM),Cochin (COK),A21N,VT-IUO,12:50:00,Wednesday,12,1,60.0
 ,2025-07-22,Mumbai (BOM),Cochin (COK),A21N,VT-IML,12:45:00,Tuesday,12,1,23.0
 ,2025-07-21,Mumbai (BOM),Cochin (COK),A21N,VT-IWR,12:50:00,Monday,12,1,137.0
 ,2025-07-20,Mumbai (BOM),Cochin (COK),A21N,VT-ICO,12:50:00,Sunday,12,0,10.0
 ,2025-07-19,Mumbai (BOM),Cochin (COK),A21N,VT-ICL,12:50:00,Saturday,12,1,17.0
 ,2025-07-25,Mumbai (BOM),Jaipur (JAI),A20N,VT-CIQ,12:55:00,Friday,12,0,6.0
 ,2025-07-24,Mumbai (BOM),Jaipur (JAI),A20N,VT-EXL,12:55:00,Thursday,12,0,0.0
 ,2025-07-23,Mumbai (BOM),Jaipur (JAI),A20N,VT-CIN,12:55:00,Wednesday,12,0,-14.0
 ,2025-07-22,Mumbai (BOM),Jaipur (JAI),A20N,VT-EXM,12:55:00,Tuesday,12,0,-6.0
 ,2025-07-21,Mumbai (BOM),Jaipur (JAI),A20N,VT-TQK,12:55:00,Monday,12,1,93.0
 ,2025-07-20,Mumbai (BOM),Jaipur (JAI),A20N,VT-EXO,12:55:00,Sunday,12,0,-9.0
 ,2025-07-19,Mumbai (BOM),Jaipur (JAI),A20N,VT-EXH,12:55:00,Saturday,12,0,2.0
 ,2025-07-25,Mumbai (BOM),Jamnagar (JGA),A20N,VT-TYC,12:25:00,Friday,12,1,41.0
 ,2025-07-24,Mumbai (BOM),Jamnagar (JGA),A21N,VT-TVH,12:25:00,Thursday,12,0,-9.0
 ,2025-07-23,Mumbai (BOM),Jamnagar (JGA),A321,VT-PPM,12:25:00,Wednesday,12,1,27.0
 ,2025-07-22,Mumbai (BOM),Jamnagar (JGA),A321,VT-PPO,12:25:00,Tuesday,12,0,-13.0
 ,2025-07-21,Mumbai (BOM),Jamnagar (JGA),A20N,VT-CIG,12:25:00,Monday,12,1,119.0
 ,2025-07-20,Mumbai (BOM),Jamnagar (JGA),A20N,VT-EXL,12:25:00,Sunday,12,0,1.0
 ,2025-07-19,Mumbai (BOM),Jamnagar (JGA),A20N,VT-RTK,12:25:00,Saturday,12,0,9.0
 ,2025-07-25,Mumbai (BOM),Hyderabad (HYD),A20N,VT-TQC,12:30:00,Friday,12,1,45.0
 ,2025-07-24,Mumbai (BOM),Hyderabad (HYD),A20N,VT-TNV,12:30:00,Thursday,12,0,-4.0
 ,2025-07-23,Mumbai (BOM),Hyderabad (HYD),A20N,VT-TQC,12:30:00,Wednesday,12,0,9.0
 ,2025-07-22,Mumbai (BOM),Hyderabad (HYD),A20N,VT-TQS,12:30:00,Tuesday,12,0,11.0
 ,2025-07-21,Mumbai (BOM),Hyderabad (HYD),A20N,VT-TQW,12:30:00,Monday,12,1,103.0
 ,2025-07-20,Mumbai (BOM),Hyderabad (HYD),A20N,VT-TQE,12:30:00,Sunday,12,0,-11.0
 ,2025-07-19,Mumbai (BOM),Hyderabad (HYD),A20N,VT-TQE,12:30:00,Saturday,12,0,6.0
 ,2025-07-25,Mumbai (BOM),Siliguri (IXB),B38M,VT-YAC,14:05:00,Friday,14,1,19.0
 ,2025-07-24,Mumbai (BOM),Siliguri (IXB),B38M,VT-YAB,14:05:00,Thursday,14,0,-18.0
 ,2025-07-23,Mumbai (BOM),Siliguri (IXB),B38M,VT-YAP,14:05:00,Wednesday,14,1,16.0
 ,2025-07-22,Mumbai (BOM),Siliguri (IXB),B38M,VT-YBC,14:05:00,Tuesday,14,1,31.0
 ,2025-07-21,Mumbai (BOM),Siliguri (IXB),B38M,VT-YAU,14:05:00,Monday,14,1,119.0
 ,2025-07-20,Mumbai (BOM),Siliguri (IXB),B38M,VT-YAB,14:05:00,Sunday,14,0,-18.0
 ,2025-07-19,Mumbai (BOM),Siliguri (IXB),B38M,VT-YAK,14:05:00,Saturday,14,0,6.0
 ,2025-07-25,Mumbai (BOM),Addis Ababa (ADD),B77L,ET-ANQ,14:00:00,Friday,14,0,-32.0
 ,2025-07-24,Mumbai (BOM),Addis Ababa (ADD),B77L,ET-ANO,14:00:00,Thursday,14,0,-60.0
 ,2025-07-23,Mumbai (BOM),Addis Ababa (ADD),B788,ET-ATG,14:00:00,Wednesday,14,0,-60.0
 ,2025-07-22,Mumbai (BOM),Addis Ababa (ADD),B77L,ET-ANQ,14:00:00,Tuesday,14,0,-51.0
 ,2025-07-21,Mumbai (BOM),Addis Ababa (ADD),A359,ET-AUA,14:00:00,Monday,14,1,106.0
 ,2025-07-20,Mumbai (BOM),Addis Ababa (ADD),B77L,ET-ANP,14:00:00,Sunday,14,0,-56.0
 ,2025-07-19,Mumbai (BOM),Addis Ababa (ADD),B788,ET-ATG,14:00:00,Saturday,14,0,-50.0
 ,2025-07-25,Mumbai (BOM),Jeddah (JED),B77W,HZ-AK21,13:25:00,Friday,13,0,-8.0
 ,2025-07-23,Mumbai (BOM),Jeddah (JED),B77W,HZ-AK22,13:25:00,Wednesday,13,0,-38.0
 ,2025-07-21,Mumbai (BOM),Jeddah (JED),B77W,HZ-AK19,13:25:00,Monday,13,1,68.0
 ,2025-07-20,Mumbai (BOM),Jeddah (JED),B77W,HZ-AK29,13:25:00,Sunday,13,0,-20.0
 ,2025-07-25,Mumbai (BOM),Kathmandu (KTM),A20N,VT-IPI,14:05:00,Friday,14,0,9.0
 ,2025-07-24,Mumbai (BOM),Kathmandu (KTM),A20N,VT-IPT,14:05:00,Thursday,14,1,19.0
 ,2025-07-23,Mumbai (BOM),Kathmandu (KTM),A20N,VT-IXH,14:05:00,Wednesday,14,1,44.0
 ,2025-07-22,Mumbai (BOM),Kathmandu (KTM),A20N,VT-IXP,14:05:00,Tuesday,14,0,9.0
 ,2025-07-21,Mumbai (BOM),Kathmandu (KTM),A20N,VT-IXF,14:05:00,Monday,14,1,116.0
 ,2025-07-20,Mumbai (BOM),Kathmandu (KTM),A20N,VT-IJQ,14:05:00,Sunday,14,0,-7.0
 ,2025-07-19,Mumbai (BOM),Kathmandu (KTM),A20N,VT-IPD,14:05:00,Saturday,14,0,7.0
 ,2025-07-25,Mumbai (BOM),Abu Dhabi (AUH),A320,A6-EIW,13:00:00,Friday,13,0,-38.0
 ,2025-07-24,Mumbai (BOM),Abu Dhabi (AUH),A320,A6-EIM,13:00:00,Thursday,13,0,-62.0
 ,2025-07-23,Mumbai (BOM),Abu Dhabi (AUH),A320,A6-EIX,13:00:00,Wednesday,13,0,-37.0
 ,2025-07-22,Mumbai (BOM),Abu Dhabi (AUH),A320,A6-EIT,13:00:00,Tuesday,13,0,-36.0
 ,2025-07-21,Mumbai (BOM),Abu Dhabi (AUH),A320,A6-EIP,13:00:00,Monday,13,1,66.0
 ,2025-07-20,Mumbai (BOM),Abu Dhabi (AUH),A320,A6-EIV,13:00:00,Sunday,13,0,-12.0
 ,2025-07-19,Mumbai (BOM),Abu Dhabi (AUH),A321,A6-AEC,13:00:00,Saturday,13,0,-13.0
 ,2025-07-25,Mumbai (BOM),Goa (GOI),A21N,VT-IMM,12:35:00,Friday,12,1,21.0
 ,2025-07-24,Mumbai (BOM),Goa (GOI),A21N,VT-IMM,12:35:00,Thursday,12,0,-15.0
 ,2025-07-23,Mumbai (BOM),Goa (GOI),A21N,VT-IMM,12:35:00,Wednesday,12,0,2.0
 ,2025-07-22,Mumbai (BOM),Goa (GOI),A21N,VT-IMM,12:35:00,Tuesday,12,0,6.0
 ,2025-07-21,Mumbai (BOM),Goa (GOI),A21N,VT-IRV,12:35:00,Monday,12,1,89.0
 ,2025-07-20,Mumbai (BOM),Goa (GOI),A21N,VT-IRV,12:35:00,Sunday,12,0,-17.0
 ,2025-07-19,Mumbai (BOM),Goa (GOI),A21N,VT-IMI,12:35:00,Saturday,12,0,-1.0
 ,2025-07-25,Mumbai (BOM),Bareilly (BEK),A20N,VT-IQO,13:40:00,Friday,13,0,8.0
 ,2025-07-24,Mumbai (BOM),Agra (AGR),A20N,VT-IIH,13:20:00,Thursday,13,0,-23.0
 ,2025-07-23,Mumbai (BOM),Bareilly (BEK),A20N,VT-IQF,13:40:00,Wednesday,13,0,-4.0
 ,2025-07-22,Mumbai (BOM),Agra (AGR),A20N,VT-IIW,13:20:00,Tuesday,13,0,9.0
 ,2025-07-21,Mumbai (BOM),Bareilly (BEK),A20N,VT-IPD,13:40:00,Monday,13,1,121.0
 ,2025-07-20,Mumbai (BOM),Bareilly (BEK),A20N,VT-IIX,13:40:00,Sunday,13,0,-26.0
 ,2025-07-19,Mumbai (BOM),Agra (AGR),A20N,VT-ITV,13:20:00,Saturday,13,0,-3.0
 ,2025-07-25,Mumbai (BOM),Delhi (DEL),A21N,VT-IWT,13:30:00,Friday,13,0,9.0
 ,2025-07-24,Mumbai (BOM),Delhi (DEL),A21N,VT-ICM,13:30:00,Thursday,13,0,-24.0
 ,2025-07-23,Mumbai (BOM),Delhi (DEL),A21N,VT-ICH,13:30:00,Wednesday,13,0,-4.0
 ,2025-07-22,Mumbai (BOM),Delhi (DEL),A21N,VT-NCM,13:30:00,Tuesday,13,0,-8.0
 ,2025-07-21,Mumbai (BOM),Delhi (DEL),A21N,VT-IWV,13:30:00,Monday,13,1,120.0
 ,2025-07-20,Mumbai (BOM),Delhi (DEL),A21N,VT-ICF,13:30:00,Sunday,13,0,-17.0
 ,2025-07-19,Mumbai (BOM),Delhi (DEL),A21N,VT-NCR,13:30:00,Saturday,13,0,0.0
 ,2025-07-25,Mumbai (BOM),Diu (DIU),AT76,VT-RKL,12:20:00,Friday,12,1,115.0
 ,2025-07-23,Mumbai (BOM),Diu (DIU),AT76,VT-RKL,12:20:00,Wednesday,12,1,97.0
 ,2025-07-21,Mumbai (BOM),Diu (DIU),AT76,VT-AIY,12:20:00,Monday,12,1,151.0
 ,2025-07-18,Mumbai (BOM),Diu (DIU),AT76,VT-AIY,12:20:00,Friday,12,1,274.0
 ,2025-07-25,Mumbai (BOM),Bengaluru (BLR),A20N,VT-TQW,13:05:00,Friday,13,0,7.0
 ,2025-07-24,Mumbai (BOM),Bengaluru (BLR),A20N,VT-TQH,13:05:00,Thursday,13,0,-13.0
 ,2025-07-23,Mumbai (BOM),Bengaluru (BLR),A20N,VT-EXV,13:05:00,Wednesday,13,0,14.0
 ,2025-07-22,Mumbai (BOM),Bengaluru (BLR),A20N,VT-TQF,13:05:00,Tuesday,13,1,18.0
 ,2025-07-21,Mumbai (BOM),Bengaluru (BLR),A20N,VT-TNU,13:05:00,Monday,13,1,168.0
 ,2025-07-20,Mumbai (BOM),Bengaluru (BLR),A20N,VT-TNU,13:05:00,Sunday,13,0,-3.0
 ,2025-07-19,Mumbai (BOM),Bengaluru (BLR),A20N,VT-TQB,13:05:00,Saturday,13,0,7.0
 ,2025-07-23,Mumbai (BOM),Kandla (IXY),DH8D,VT-SUO,13:00:00,Wednesday,13,0,13.0
 ,2025-07-21,Mumbai (BOM),Kandla (IXY),DH8D,VT-SQD,13:00:00,Monday,13,1,133.0
 ,2025-07-20,Mumbai (BOM),Kandla (IXY),DH8D,VT-SQD,13:00:00,Sunday,13,0,-12.0
 ,2025-07-19,Mumbai (BOM),Kandla (IXY),DH8D,VT-SQD,13:00:00,Saturday,13,1,82.0
 ,2025-07-25,Mumbai (BOM),Goa (GOI),A21N,VT-TVI,12:45:00,Friday,12,1,33.0
 ,2025-07-24,Mumbai (BOM),Goa (GOI),A21N,VT-TVI,12:45:00,Thursday,12,0,-5.0
 ,2025-07-23,Mumbai (BOM),Goa (GOI),A21N,VT-TVI,12:45:00,Wednesday,12,0,15.0
 ,2025-07-22,Mumbai (BOM),Goa (GOI),A21N,VT-TVH,12:45:00,Tuesday,12,0,14.0
 ,2025-07-21,Mumbai (BOM),Goa (GOI),A21N,VT-TVI,12:45:00,Monday,12,1,89.0
 ,2025-07-20,Mumbai (BOM),Goa (GOI),A21N,VT-TVI,12:45:00,Sunday,12,0,-2.0
 ,2025-07-19,Mumbai (BOM),Goa (GOI),A21N,VT-TVI,12:45:00,Saturday,12,0,11.0
 ,2025-07-25,Mumbai (BOM),Bengaluru (BLR),A21N,VT-IWU,13:20:00,Friday,13,0,10.0
 ,2025-07-24,Mumbai (BOM),Bengaluru (BLR),A21N,VT-IWS,13:20:00,Thursday,13,0,-30.0
 ,2025-07-23,Mumbai (BOM),Bengaluru (BLR),A21N,VT-IWT,13:20:00,Wednesday,13,0,2.0
 ,2025-07-22,Mumbai (BOM),Bengaluru (BLR),A21N,VT-IWU,13:20:00,Tuesday,13,0,5.0
 ,2025-07-21,Mumbai (BOM),Bengaluru (BLR),A21N,VT-NCQ,13:20:00,Monday,13,1,120.0
 ,2025-07-20,Mumbai (BOM),Bengaluru (BLR),A21N,VT-NCH,13:20:00,Sunday,13,0,-25.0
 ,2025-07-19,Mumbai (BOM),Bengaluru (BLR),A21N,VT-NCB,13:20:00,Saturday,13,0,-3.0
 ,2025-07-25,Mumbai (BOM),Delhi (DEL),A20N,VT-TQP,14:00:00,Friday,14,0,5.0
 ,2025-07-24,Mumbai (BOM),Delhi (DEL),A20N,VT-TQE,14:00:00,Thursday,14,0,-25.0
 ,2025-07-23,Mumbai (BOM),Delhi (DEL),A20N,VT-TNS,14:00:00,Wednesday,14,0,2.0
 ,2025-07-22,Mumbai (BOM),Delhi (DEL),A20N,VT-TQC,14:00:00,Tuesday,14,0,0.0
 ,2025-07-21,Mumbai (BOM),Delhi (DEL),A20N,VT-TQT,14:00:00,Monday,14,1,57.0
 ,2025-07-20,Mumbai (BOM),Delhi (DEL),A20N,VT-EXU,14:00:00,Sunday,14,0,-22.0
 ,2025-07-19,Mumbai (BOM),Delhi (DEL),A20N,VT-TNS,14:00:00,Saturday,14,0,-19.0
 ,2025-07-25,Mumbai (BOM),Kolkata (CCU),A20N,VT-TQH,14:30:00,Friday,14,0,6.0
 ,2025-07-24,Mumbai (BOM),Kolkata (CCU),A20N,VT-ATV,14:30:00,Thursday,14,0,-7.0
 ,2025-07-23,Mumbai (BOM),Kolkata (CCU),A20N,VT-TQL,14:30:00,Wednesday,14,1,23.0
 ,2025-07-22,Mumbai (BOM),Kolkata (CCU),A20N,VT-TQE,14:30:00,Tuesday,14,0,12.0
 ,2025-07-21,Mumbai (BOM),Kolkata (CCU),A20N,VT-TQC,14:30:00,Monday,14,1,69.0
 ,2025-07-20,Mumbai (BOM),Kolkata (CCU),A20N,VT-TQB,14:30:00,Sunday,14,0,-15.0
 ,2025-07-19,Mumbai (BOM),Kolkata (CCU),A20N,VT-TNF,14:30:00,Saturday,14,0,3.0
 ,2025-07-24,Mumbai (BOM),Singapore (SIN),B78X,9V-SCG,19:50:00,Thursday,19,0,-34.0
 ,2025-07-23,Mumbai (BOM),Singapore (SIN),B78X,9V-SCC,19:50:00,Wednesday,19,0,-14.0
 ,2025-07-22,Mumbai (BOM),Singapore (SIN),B78X,9V-SCP,19:50:00,Tuesday,19,0,-6.0
 ,2025-07-21,Mumbai (BOM),Singapore (SIN),B78X,9V-SCN,19:50:00,Monday,19,1,85.0
 ,2025-07-20,Mumbai (BOM),Singapore (SIN),B78X,9V-SCO,19:50:00,Sunday,19,0,-39.0
 ,2025-07-19,Mumbai (BOM),Singapore (SIN),B78X,9V-SCS,19:50:00,Saturday,19,0,7.0
 ,2025-07-18,Mumbai (BOM),Singapore (SIN),B78X,9V-SCL,19:50:00,Friday,19,0,-30.0
 ,2025-07-25,Mumbai (BOM),Chennai (MAA),A21N,VT-ICQ,14:05:00,Friday,14,0,-32.0
 ,2025-07-24,Mumbai (BOM),Chennai (MAA),A21N,VT-IMB,14:05:00,Thursday,14,0,8.0
 ,2025-07-23,Mumbai (BOM),Chennai (MAA),A21N,VT-ILD,14:05:00,Wednesday,14,0,-10.0
 ,2025-07-22,Mumbai (BOM),Chennai (MAA),A21N,VT-IRY,13:50:00,Tuesday,13,0,1.0
 ,2025-07-21,Mumbai (BOM),Chennai (MAA),A21N,VT-IBY,14:05:00,Monday,14,1,64.0
 ,2025-07-20,Mumbai (BOM),Chennai (MAA),A21N,VT-ILH,14:05:00,Sunday,14,0,-2.0
 ,2025-07-19,Mumbai (BOM),Chennai (MAA),A21N,VT-IML,13:50:00,Saturday,13,0,-8.0
 ,2025-07-25,Mumbai (BOM),Hyderabad (HYD),A21N,VT-ICW,13:35:00,Friday,13,1,21.0
 ,2025-07-24,Mumbai (BOM),Hyderabad (HYD),A21N,VT-ILO,13:35:00,Thursday,13,0,-9.0
 ,2025-07-23,Mumbai (BOM),Hyderabad (HYD),A21N,VT-IML,13:35:00,Wednesday,13,0,11.0
 ,2025-07-22,Mumbai (BOM),Hyderabad (HYD),A21N,VT-ILG,13:35:00,Tuesday,13,0,5.0
 ,2025-07-21,Mumbai (BOM),Hyderabad (HYD),A21N,VT-IUO,13:35:00,Monday,13,1,91.0
 ,2025-07-20,Mumbai (BOM),Hyderabad (HYD),A21N,VT-ICG,13:35:00,Sunday,13,0,-18.0
 ,2025-07-19,Mumbai (BOM),Hyderabad (HYD),A21N,VT-ICG,13:35:00,Saturday,13,0,-13.0
 ,2025-07-25,Mumbai (BOM),Coimbatore (CJB),A321,VT-PPV,13:45:00,Friday,13,0,14.0
 ,2025-07-24,Mumbai (BOM),Coimbatore (CJB),A20N,VT-RTL,13:45:00,Thursday,13,0,3.0
 ,2025-07-23,Mumbai (BOM),Coimbatore (CJB),A20N,VT-RTN,13:45:00,Wednesday,13,1,18.0
 ,2025-07-22,Mumbai (BOM),Coimbatore (CJB),A20N,VT-RTN,13:45:00,Tuesday,13,0,15.0
 ,2025-07-21,Mumbai (BOM),Coimbatore (CJB),A20N,VT-RTK,13:45:00,Monday,13,1,79.0
 ,2025-07-20,Mumbai (BOM),Coimbatore (CJB),A20N,VT-RTN,13:45:00,Sunday,13,0,-4.0
 ,2025-07-19,Mumbai (BOM),Coimbatore (CJB),A20N,VT-EXQ,13:45:00,Saturday,13,0,2.0
 ,2025-07-25,Mumbai (BOM),Gwalior (GWL),A320,VT-IAR,14:00:00,Friday,14,0,-14.0
 ,2025-07-24,Mumbai (BOM),Gwalior (GWL),A320,VT-IAX,14:00:00,Thursday,14,0,4.0
 ,2025-07-23,Mumbai (BOM),Gwalior (GWL),A20N,VT-IQG,14:00:00,Wednesday,14,0,8.0
 ,2025-07-22,Mumbai (BOM),Gwalior (GWL),A20N,VT-IIH,14:00:00,Tuesday,14,0,4.0
 ,2025-07-21,Mumbai (BOM),Gwalior (GWL),A20N,VT-IIS,14:00:00,Monday,14,1,79.0
 ,2025-07-20,Mumbai (BOM),Gwalior (GWL),A20N,VT-IVY,14:00:00,Sunday,14,0,-26.0
 ,2025-07-19,Mumbai (BOM),Gwalior (GWL),A20N,VT-IVY,14:00:00,Saturday,14,0,-23.0
